date,temp_max,temp_min,precipitation,wind_speed
2015-01-01,2.10,-6.80,0.00,11.70
2015-01-02,3.50,-6.50,0.00,9.00
2015-01-03,4.20,-5.70,0.00,9.30
2015-01-04,7.60,-6.00,0.00,8.90
2015-01-05,9.30,-2.70,0.00,23.20
2015-01-06,4.40,-5.20,0.00,13.50
2015-01-07,2.70,-5.30,0.00,8.20
2015-01-08,4.80,-7.10,0.00,10.60
2015-01-09,6.10,-6.20,0.00,11.00
2015-01-10,9.30,-4.90,0.00,12.20
2015-01-11,4.60,-4.50,0.00,12.00
2015-01-12,3.10,-6.20,0.00,9.40
2015-01-13,3.90,-5.20,0.00,6.30
2015-01-14,3.20,-6.00,0.00,5.90
2015-01-15,3.20,-5.20,0.00,9.40
2015-01-16,2.50,-6.20,0.00,24.00
2015-01-17,1.50,-8.80,0.00,10.10
2015-01-18,6.90,-4.10,0.00,25.80
2015-01-19,5.50,-4.80,0.00,10.70
2015-01-20,4.90,-5.90,0.00,12.60
2015-01-21,5.00,-5.10,0.00,15.30
2015-01-22,5.30,-5.10,0.00,11.00
2015-01-23,6.70,-4.60,0.00,10.70
2015-01-24,3.10,-4.50,0.40,9.40
2015-01-25,4.60,-4.50,0.00,8.30
2015-01-26,3.90,-4.80,0.00,22.60
2015-01-27,1.10,-8.80,0.00,10.10
2015-01-28,0.70,-7.30,0.00,7.50
2015-01-29,4.70,-4.60,0.00,17.50
2015-01-30,2.20,-7.60,0.00,14.20
2015-01-31,2.40,-8.50,0.00,9.80
2015-02-01,3.20,-7.00,0.00,6.50
2015-02-02,3.50,-7.50,0.00,6.50
2015-02-03,8.20,-3.80,0.00,14.80
2015-02-04,6.80,-4.10,0.00,18.00
2015-02-05,7.40,-4.40,0.00,11.60
2015-02-06,9.40,-4.10,0.00,10.70
2015-02-07,3.40,-5.00,0.00,22.70
2015-02-08,1.40,-8.50,0.00,12.20
2015-02-09,6.50,-6.50,0.00,12.60
2015-02-10,11.30,-5.10,0.00,11.40
2015-02-11,8.70,-4.40,0.00,11.20
2015-02-12,5.70,-4.50,0.00,10.90
2015-02-13,8.00,-4.90,0.00,11.20
2015-02-14,10.80,-3.10,0.00,9.40
2015-02-15,10.00,-1.10,0.00,8.70
2015-02-16,12.10,-4.60,0.00,23.70
2015-02-17,9.80,-4.00,0.00,12.20
2015-02-18,8.60,-4.20,0.00,8.80
2015-02-19,6.50,-5.10,0.30,13.70
2015-02-20,4.20,-1.30,5.00,9.40
2015-02-21,8.10,-2.60,0.30,28.90
2015-02-22,5.10,-5.20,0.00,23.20
2015-02-23,6.10,-6.20,0.00,11.50
2015-02-24,7.30,-5.70,0.00,8.70
2015-02-25,6.20,-4.00,0.00,20.80
2015-02-26,5.70,-5.10,0.00,16.80
2015-02-27,3.50,-5.40,0.00,10.80
2015-02-28,5.40,-3.90,0.40,15.90
2015-03-01,11.60,-5.70,0.00,16.70
2015-03-02,13.60,-3.70,0.00,18.50
2015-03-03,4.40,-4.40,0.00,28.10
2015-03-04,5.40,-5.80,0.00,10.90
2015-03-05,7.80,-4.10,0.00,17.10
2015-03-06,10.80,-2.80,0.00,14.20
2015-03-07,12.90,-3.10,0.00,8.00
2015-03-08,12.80,-1.90,0.00,17.00
2015-03-09,4.20,-5.70,0.00,19.50
2015-03-10,8.90,-6.60,0.00,13.90
2015-03-11,10.90,-5.00,0.00,11.90
2015-03-12,11.70,-4.20,0.00,9.70
2015-03-13,12.80,-3.50,0.00,12.60
2015-03-14,12.30,-3.10,0.00,10.20
2015-03-15,17.00,-3.60,0.00,18.70
2015-03-16,17.90,0.80,0.00,8.60
2015-03-17,15.80,1.30,0.00,14.60
2015-03-18,15.20,3.40,0.00,11.30
2015-03-19,19.30,0.30,0.00,13.40
2015-03-20,19.80,0.80,0.00,13.30
2015-03-21,18.60,2.40,0.00,16.90
2015-03-22,13.60,2.90,0.00,16.30
2015-03-23,18.10,-2.80,0.00,12.80
2015-03-24,16.20,-0.60,0.00,9.80
2015-03-25,18.70,1.00,0.00,14.30
2015-03-26,20.80,3.60,0.00,16.60
2015-03-27,21.20,5.90,0.00,17.70
2015-03-28,23.70,7.60,0.00,25.40
2015-03-29,24.30,6.20,0.00,21.00
2015-03-30,23.60,11.70,0.00,11.50
2015-03-31,15.80,7.20,3.40,11.80
2015-04-01,15.60,4.50,1.60,10.00
2015-04-02,17.80,4.10,8.40,13.50
2015-04-03,16.70,4.00,0.00,14.40
2015-04-04,17.40,4.90,0.00,9.00
2015-04-05,17.20,5.90,0.00,22.70
2015-04-06,11.30,2.10,0.00,15.80
2015-04-07,13.10,-1.10,0.00,15.10
2015-04-08,14.50,2.60,0.00,16.90
2015-04-09,18.30,1.90,0.00,17.20
2015-04-10,21.60,3.70,0.00,14.70
2015-04-11,20.80,7.30,3.10,14.90
2015-04-12,12.10,4.80,5.70,27.80
2015-04-13,17.80,4.00,1.30,18.80
2015-04-14,25.40,2.80,0.00,12.30
2015-04-15,27.60,9.50,0.00,35.10
2015-04-16,21.00,9.70,0.00,21.90
2015-04-17,26.50,6.70,0.00,13.30
2015-04-18,20.80,11.70,0.20,8.70
2015-04-19,21.10,10.30,0.00,21.10
2015-04-20,23.00,4.40,0.00,16.90
2015-04-21,28.00,8.30,0.00,23.70
2015-04-22,27.10,7.40,0.00,22.70
2015-04-23,30.00,12.60,0.00,18.10
2015-04-24,28.00,8.40,0.00,17.70
2015-04-25,33.30,10.70,0.00,15.70
2015-04-26,33.80,15.00,0.00,17.80
2015-04-27,31.40,16.90,0.30,18.30
2015-04-28,27.80,14.60,0.00,11.80
2015-04-29,29.50,13.40,0.00,15.10
2015-04-30,31.20,16.30,0.00,17.10
2015-05-01,28.00,14.60,6.30,25.00
2015-05-02,26.00,12.40,0.10,14.40
2015-05-03,24.10,12.80,0.00,25.70
2015-05-04,24.80,7.50,0.00,21.70
2015-05-05,27.60,10.00,0.00,15.80
2015-05-06,24.80,10.90,0.10,21.80
2015-05-07,26.00,11.00,0.70,18.00
2015-05-08,24.90,11.50,3.80,19.30
2015-05-09,13.80,11.20,1.90,13.20
2015-05-10,11.60,9.60,17.20,11.00
2015-05-11,20.80,7.40,0.00,15.10
2015-05-12,28.90,9.30,0.10,22.60
2015-05-13,31.60,10.10,0.00,22.40
2015-05-14,27.30,15.50,0.00,20.40
2015-05-15,26.00,14.70,0.00,19.80
2015-05-16,29.90,10.30,0.00,17.30
2015-05-17,31.90,16.70,2.80,18.10
2015-05-18,28.70,14.70,0.60,21.90
2015-05-19,26.90,13.50,0.00,27.50
2015-05-20,29.20,13.50,0.00,15.80
2015-05-21,30.20,15.50,0.00,23.40
2015-05-22,31.10,15.20,0.00,13.30
2015-05-23,33.00,17.00,0.00,16.40
2015-05-24,34.70,18.50,0.00,19.40
2015-05-25,36.10,19.50,0.00,20.10
2015-05-26,36.50,21.00,0.00,22.20
2015-05-27,32.80,20.30,0.00,15.20
2015-05-28,34.20,20.40,0.40,17.60
2015-05-29,31.80,19.90,2.70,16.50
2015-05-30,31.70,15.80,0.00,19.80
2015-05-31,35.60,19.10,0.00,25.20
2015-06-01,35.10,21.00,0.20,12.20
2015-06-02,32.90,20.70,0.00,25.50
2015-06-03,33.20,17.70,0.00,18.10
2015-06-04,25.00,17.20,5.10,16.40
2015-06-05,33.40,14.30,0.70,12.70
2015-06-06,31.50,18.70,0.00,19.00
2015-06-07,29.70,15.30,0.00,15.30
2015-06-08,31.60,14.00,0.00,11.90
2015-06-09,32.50,17.70,0.20,16.20
2015-06-10,30.90,18.70,0.70,9.20
2015-06-11,29.20,16.80,0.60,22.30
2015-06-12,28.30,18.70,0.00,22.70
2015-06-13,29.20,20.30,0.00,19.10
2015-06-14,32.20,18.60,0.00,10.20
2015-06-15,33.50,20.40,0.40,17.90
2015-06-16,35.10,21.40,0.00,14.80
2015-06-17,34.00,21.40,2.30,18.50
2015-06-18,32.80,20.20,0.00,14.50
2015-06-19,25.00,18.10,2.20,19.30
2015-06-20,31.80,15.30,0.00,11.50
2015-06-21,33.20,20.50,0.00,11.50
2015-06-22,32.60,19.40,0.00,13.20
2015-06-23,34.20,21.70,2.20,19.20
2015-06-24,28.40,23.90,0.20,12.00
2015-06-25,30.00,22.60,0.00,9.90
2015-06-26,31.80,21.60,1.10,9.20
2015-06-27,31.90,21.40,0.00,9.00
2015-06-28,33.70,24.20,0.00,14.00
2015-06-29,32.60,21.70,0.00,20.50
2015-06-30,28.90,17.90,1.00,18.70
2015-07-01,34.00,16.00,0.00,21.80
2015-07-02,33.60,16.90,0.00,19.00
2015-07-03,32.30,19.50,0.00,16.90
2015-07-04,27.20,18.80,0.40,11.00
2015-07-05,31.70,19.10,0.00,11.20
2015-07-06,32.80,19.70,0.00,11.90
2015-07-07,34.30,20.40,0.00,13.00
2015-07-08,36.10,20.70,0.00,14.40
2015-07-09,36.00,22.40,0.00,14.50
2015-07-10,35.00,22.20,0.00,13.00
2015-07-11,37.50,23.30,0.00,12.90
2015-07-12,40.60,24.70,0.00,8.90
2015-07-13,40.50,25.30,0.00,7.20
2015-07-14,40.30,26.50,0.20,12.60
2015-07-15,31.70,23.60,2.30,9.90
2015-07-16,28.10,21.60,4.90,15.30
2015-07-17,25.90,20.30,28.50,9.00
2015-07-18,26.70,20.20,27.10,9.50
2015-07-19,27.30,20.50,38.00,10.00
2015-07-20,28.10,20.60,5.80,7.60
2015-07-21,29.10,21.40,0.20,10.80
2015-07-22,29.40,21.90,8.70,8.30
2015-07-23,30.20,21.90,2.40,7.70
2015-07-24,30.20,21.50,0.30,9.40
2015-07-25,31.70,21.60,0.00,11.30
2015-07-26,32.70,23.10,0.00,10.00
2015-07-27,32.20,23.40,10.70,12.30
2015-07-28,31.00,23.70,0.20,6.60
2015-07-29,32.30,23.80,10.50,13.00
2015-07-30,28.80,23.00,22.40,11.50
2015-07-31,28.50,22.60,12.00,8.00
2015-08-01,28.70,22.30,0.70,8.40
2015-08-02,31.40,23.50,17.20,12.60
2015-08-03,28.60,20.40,2.70,15.50
2015-08-04,31.60,16.40,0.00,13.50
2015-08-05,31.10,21.00,3.30,12.10
2015-08-06,29.70,21.60,0.70,8.60
2015-08-07,29.80,21.30,2.70,8.00
2015-08-08,30.60,20.10,0.00,7.30
2015-08-09,32.70,20.50,0.00,5.90
2015-08-10,33.30,21.40,0.00,7.40
2015-08-11,32.80,21.60,0.00,7.90
2015-08-12,34.80,20.70,0.00,15.00
2015-08-13,33.80,22.60,0.00,13.70
2015-08-14,32.50,22.80,0.00,14.60
2015-08-15,33.40,19.00,0.00,10.40
2015-08-16,33.90,20.70,0.00,10.50
2015-08-17,32.70,21.90,0.30,10.20
2015-08-18,31.10,20.70,5.90,12.90
2015-08-19,27.50,20.40,15.50,9.00
2015-08-20,30.40,19.10,1.00,11.50
2015-08-21,31.40,17.30,0.00,10.20
2015-08-22,30.50,20.00,0.10,11.30
2015-08-23,27.60,19.90,1.20,9.90
2015-08-24,28.50,18.30,0.00,8.70
2015-08-25,29.40,19.80,0.50,10.40
2015-08-26,30.50,18.70,0.00,7.90
2015-08-27,30.00,19.40,0.20,6.00
2015-08-28,32.20,19.00,0.30,8.20
2015-08-29,29.60,19.30,4.80,9.30
2015-08-30,24.00,19.10,13.80,7.00
2015-08-31,23.90,18.50,29.20,5.70
2015-09-01,22.70,18.00,16.60,13.10
2015-09-02,28.70,17.30,0.30,10.90
2015-09-03,29.50,17.00,0.00,7.90
2015-09-04,22.40,19.30,26.80,7.90
2015-09-05,20.60,17.30,13.50,12.50
2015-09-06,25.80,15.10,0.00,8.10
2015-09-07,27.50,15.70,0.00,10.20
2015-09-08,26.50,16.70,0.00,9.10
2015-09-09,25.80,16.80,0.00,15.60
2015-09-10,19.30,13.60,3.60,13.80
2015-09-11,22.20,13.50,2.00,12.00
2015-09-12,25.20,13.40,0.00,17.20
2015-09-13,28.10,10.70,0.00,10.70
2015-09-14,25.60,15.00,0.00,11.30
2015-09-15,25.50,12.90,0.00,7.60
2015-09-16,26.40,12.80,0.00,9.50
2015-09-17,27.50,15.60,0.00,9.60
2015-09-18,28.70,17.00,2.60,7.90
2015-09-19,27.30,13.10,0.00,7.30
2015-09-20,27.40,16.20,0.00,15.00
2015-09-21,28.10,16.10,0.00,14.00
2015-09-22,26.40,16.10,2.70,20.10
2015-09-23,26.00,13.20,0.00,6.20
2015-09-24,26.20,16.00,4.40,9.00
2015-09-25,26.00,15.00,0.00,12.00
2015-09-26,26.70,13.00,0.00,15.30
2015-09-27,27.40,13.40,0.00,10.70
2015-09-28,18.50,14.20,4.50,15.00
2015-09-29,15.40,13.10,8.00,9.60
2015-09-30,19.20,12.70,7.60,9.40
2015-10-01,21.60,11.00,0.60,28.60
2015-10-02,25.40,7.40,0.00,12.40
2015-10-03,23.90,10.70,0.00,12.90
2015-10-04,24.30,10.40,0.00,7.60
2015-10-05,25.40,11.60,0.00,10.80
2015-10-06,25.90,13.00,0.00,10.40
2015-10-07,26.50,16.40,0.00,23.40
2015-10-08,18.90,8.80,0.00,19.10
2015-10-09,19.30,5.40,0.00,23.40
2015-10-10,16.20,7.60,0.00,26.80
2015-10-11,21.50,10.80,0.00,24.20
2015-10-12,24.10,6.00,0.00,10.40
2015-10-13,25.60,7.00,0.00,11.30
2015-10-14,23.50,11.30,0.10,7.60
2015-10-15,25.40,9.00,0.00,9.70
2015-10-16,25.30,10.10,0.00,9.40
2015-10-17,24.60,10.90,0.00,8.90
2015-10-18,18.40,11.10,0.00,13.60
2015-10-19,20.80,10.50,0.00,8.50
2015-10-20,13.60,9.50,3.20,11.30
2015-10-21,10.90,10.00,5.80,7.30
2015-10-22,10.90,9.20,6.90,6.10
2015-10-23,19.00,8.50,0.00,9.50
2015-10-24,17.70,5.90,0.00,9.40
2015-10-25,15.10,7.70,0.90,7.80
2015-10-26,15.60,5.90,0.70,14.30
2015-10-27,16.50,2.20,0.00,16.50
2015-10-28,14.90,1.90,0.00,14.30
2015-10-29,12.50,2.10,0.00,18.10
2015-10-30,14.30,0.20,0.00,10.00
2015-10-31,15.20,-0.60,0.00,10.50
2015-11-01,17.00,1.10,0.00,9.80
2015-11-02,18.40,0.40,0.00,10.80
2015-11-03,17.40,5.10,0.00,14.50
2015-11-04,15.50,6.20,0.00,7.30
2015-11-05,11.10,5.50,2.10,15.10
2015-11-06,5.40,1.70,11.70,12.00
2015-11-07,5.70,0.60,4.70,10.20
2015-11-08,9.40,2.70,0.00,7.60
2015-11-09,11.60,0.70,0.00,9.80
2015-11-10,7.90,3.40,0.00,6.70
2015-11-11,8.10,4.70,0.00,5.10
2015-11-12,8.90,6.00,0.00,5.20
2015-11-13,9.80,6.60,0.00,5.80
2015-11-14,11.80,5.50,0.00,8.30
2015-11-15,13.70,4.10,0.10,11.80
2015-11-16,9.40,4.20,0.60,8.30
2015-11-17,10.40,0.20,0.00,11.50
2015-11-18,5.90,1.80,0.00,10.90
2015-11-19,5.40,1.00,5.40,12.50
2015-11-20,2.30,0.10,6.60,6.60
2015-11-21,1.00,-0.30,8.60,6.50
2015-11-22,-0.20,-3.40,8.20,10.40
2015-11-23,-0.20,-8.70,0.40,13.80
2015-11-24,-4.20,-8.50,0.30,10.00
2015-11-25,-1.30,-13.20,0.00,23.40
2015-11-26,-3.20,-13.90,0.00,12.30
2015-11-27,-2.10,-8.00,0.00,7.40
2015-11-28,1.40,-4.90,0.00,6.90
2015-11-29,4.40,-4.40,0.00,9.20
2015-11-30,2.30,-4.10,0.00,7.60
2015-12-01,1.20,-6.50,0.10,12.00
2015-12-02,2.80,-7.30,0.00,22.20
2015-12-03,0.60,-7.90,0.00,25.70
2015-12-04,3.90,-7.90,0.00,13.10
2015-12-05,4.30,-5.80,0.00,10.80
2015-12-06,2.90,-3.30,0.00,6.10
2015-12-07,4.30,-2.60,0.00,6.50
2015-12-08,3.80,-2.80,0.50,5.80
2015-12-09,5.60,-0.80,0.60,4.90
2015-12-10,7.60,-3.80,0.00,17.80
2015-12-11,5.10,-4.30,0.00,7.60
2015-12-12,4.50,-2.30,0.00,5.70
2015-12-13,4.80,-3.40,0.00,7.40
2015-12-14,6.30,-4.20,0.80,13.70
2015-12-15,2.90,-4.50,0.00,27.30
2015-12-16,0.90,-6.30,0.00,24.20
2015-12-17,2.90,-6.50,0.00,8.70
2015-12-18,4.80,-6.00,0.00,11.10
2015-12-19,3.00,-4.20,0.00,5.50
2015-12-20,3.60,-4.30,0.00,8.40
2015-12-21,5.30,-6.50,0.00,10.10
2015-12-22,5.10,-5.30,0.00,7.90
2015-12-23,6.00,-5.70,0.00,7.20
2015-12-24,5.10,-4.50,0.00,8.20
2015-12-25,5.30,-5.20,0.00,9.00
2015-12-26,3.10,-5.90,0.00,11.90
2015-12-27,-1.60,-7.40,0.00,9.70
2015-12-28,2.40,-6.10,0.00,9.00
2015-12-29,3.60,-4.40,0.00,9.70
2015-12-30,5.10,-5.20,0.00,15.00
2015-12-31,4.40,-4.30,0.00,8.70
2016-01-01,5.10,-5.50,0.00,9.80
2016-01-02,7.60,-5.10,0.00,6.60
2016-01-03,3.70,-4.50,0.00,9.90
2016-01-04,2.10,-5.50,0.00,12.40
2016-01-05,1.20,-7.20,0.00,8.70
2016-01-06,2.80,-8.10,0.00,15.00
2016-01-07,1.10,-7.60,0.00,13.00
2016-01-08,1.20,-7.60,0.00,11.30
2016-01-09,3.30,-7.50,0.00,10.20
2016-01-10,0.90,-6.60,0.00,12.80
2016-01-11,-1.60,-8.30,0.00,14.40
2016-01-12,-0.60,-10.80,0.00,13.00
2016-01-13,2.40,-9.40,0.00,11.80
2016-01-14,3.90,-7.60,0.00,9.40
2016-01-15,3.60,-6.90,0.00,9.50
2016-01-16,0.70,-6.20,0.00,8.70
2016-01-17,-3.30,-8.40,0.70,18.40
2016-01-18,-4.00,-11.90,0.00,20.10
2016-01-19,-1.30,-11.30,0.00,9.40
2016-01-20,-1.80,-7.80,0.00,6.90
2016-01-21,-0.80,-7.80,0.10,7.40
2016-01-22,-6.20,-12.80,0.40,21.90
2016-01-23,-12.30,-16.40,0.00,23.90
2016-01-24,-2.50,-16.00,0.00,23.10
2016-01-25,2.80,-12.50,0.00,11.00
2016-01-26,2.00,-10.10,0.00,11.30
2016-01-27,2.40,-10.00,0.00,8.40
2016-01-28,4.10,-7.20,0.00,7.60
2016-01-29,-0.80,-8.00,0.00,9.20
2016-01-30,-2.50,-8.70,0.00,8.10
2016-01-31,1.60,-12.20,0.00,12.00
2016-02-01,4.00,-9.70,0.00,11.20
2016-02-02,3.90,-9.50,0.00,9.80
2016-02-03,6.70,-8.80,0.00,11.00
2016-02-04,4.90,-6.00,0.00,11.60
2016-02-05,3.80,-5.40,0.00,18.30
2016-02-06,5.90,-5.40,0.00,10.40
2016-02-07,7.90,-7.20,0.00,14.60
2016-02-08,11.00,-4.80,0.00,21.50
2016-02-09,9.40,-3.80,0.00,11.90
2016-02-10,9.20,-4.20,0.00,8.10
2016-02-11,8.10,-0.10,0.00,6.50
2016-02-12,10.30,-2.50,4.40,6.50
2016-02-13,3.50,-3.60,6.60,28.10
2016-02-14,1.60,-7.40,0.00,19.80
2016-02-15,4.30,-7.60,0.00,21.00
2016-02-16,8.40,-5.20,0.00,20.00
2016-02-17,9.70,-4.50,0.00,12.50
2016-02-18,8.40,-5.50,0.00,19.40
2016-02-19,7.60,-4.40,0.00,21.50
2016-02-20,3.80,-5.90,0.00,16.00
2016-02-21,6.30,-5.80,0.00,18.00
2016-02-22,7.90,-5.60,0.00,17.40
2016-02-23,3.60,-5.30,0.00,19.30
2016-02-24,7.00,-7.20,0.00,18.60
2016-02-25,5.90,-5.70,0.00,10.50
2016-02-26,7.20,-4.70,0.00,17.00
2016-02-27,7.40,-3.90,0.00,9.40
2016-02-28,6.80,-4.50,0.00,24.10
2016-02-29,3.40,-4.70,0.00,14.50
2016-03-01,9.80,-5.20,0.00,12.30
2016-03-02,17.90,-2.20,0.00,10.90
2016-03-03,15.90,-1.10,0.00,8.90
2016-03-04,12.20,2.30,0.00,10.00
2016-03-05,12.70,-0.90,0.00,18.70
2016-03-06,10.40,-3.70,0.00,8.00
2016-03-07,10.70,-3.20,0.00,20.60
2016-03-08,5.70,-4.50,0.00,11.30
2016-03-09,5.30,-5.70,0.00,16.50
2016-03-10,7.20,-5.70,0.00,15.10
2016-03-11,7.80,-5.40,0.00,11.60
2016-03-12,9.80,-4.50,0.00,9.10
2016-03-13,11.70,-2.30,0.00,16.60
2016-03-14,15.10,-3.30,0.00,13.00
2016-03-15,13.70,3.00,0.00,12.00
2016-03-16,17.30,0.50,0.00,13.80
2016-03-17,18.60,4.50,0.00,12.00
2016-03-18,20.60,2.00,0.00,11.70
2016-03-19,15.10,3.70,0.00,9.40
2016-03-20,17.40,2.80,0.00,10.20
2016-03-21,19.50,2.70,0.00,14.20
2016-03-22,14.70,5.20,0.00,12.30
2016-03-23,13.60,2.80,0.00,17.10
2016-03-24,13.70,-2.20,0.00,11.20
2016-03-25,13.90,-2.70,0.00,10.50
2016-03-26,17.90,-0.50,0.00,14.80
2016-03-27,20.20,0.50,0.00,12.10
2016-03-28,22.80,5.30,0.00,19.90
2016-03-29,23.00,3.40,0.00,18.90
2016-03-30,21.30,4.00,0.00,14.60
2016-03-31,25.20,4.60,0.00,20.10
2016-04-01,22.40,10.10,0.00,23.20
2016-04-02,18.70,9.20,0.40,15.30
2016-04-03,18.50,6.40,0.00,10.90
2016-04-04,21.80,5.80,0.00,15.30
2016-04-05,23.70,7.00,0.00,18.10
2016-04-06,23.00,8.00,0.00,18.30
2016-04-07,23.80,6.40,0.00,14.50
2016-04-08,25.20,3.80,0.00,21.90
2016-04-09,27.30,5.80,0.00,22.30
2016-04-10,19.50,4.90,0.00,21.70
2016-04-11,17.40,3.20,0.00,17.50
2016-04-12,19.80,5.40,4.20,10.80
2016-04-13,26.40,8.40,0.00,16.60
2016-04-14,23.20,8.00,0.00,18.20
2016-04-15,23.90,6.60,0.40,17.90
2016-04-16,20.20,11.60,2.90,23.20
2016-04-17,19.00,5.10,0.00,23.00
2016-04-18,19.70,5.00,0.00,20.00
2016-04-19,16.90,6.20,0.80,10.40
2016-04-20,26.00,6.70,0.00,15.20
2016-04-21,31.00,8.90,0.00,22.70
2016-04-22,25.20,10.20,0.00,19.70
2016-04-23,22.20,7.20,0.00,12.50
2016-04-24,26.90,6.50,0.00,21.40
2016-04-25,29.50,14.20,0.00,21.30
2016-04-26,24.60,12.80,0.00,16.30
2016-04-27,20.00,12.10,0.60,6.20
2016-04-28,26.70,10.50,0.00,14.90
2016-04-29,28.60,10.80,0.00,15.20
2016-04-30,32.00,11.90,0.00,17.50
2016-05-01,33.40,14.50,0.30,20.50
2016-05-02,22.60,10.10,10.10,25.80
2016-05-03,25.80,6.80,0.00,29.20
2016-05-04,29.00,6.20,0.00,15.10
2016-05-05,26.20,13.50,1.60,17.90
2016-05-06,24.70,12.20,0.00,20.50
2016-05-07,26.30,8.50,0.00,14.60
2016-05-08,27.30,12.30,0.00,19.80
2016-05-09,23.10,13.70,0.10,19.90
2016-05-10,28.00,9.90,0.00,14.10
2016-05-11,28.20,16.90,0.20,16.50
2016-05-12,22.20,10.20,8.30,27.20
2016-05-13,24.60,6.60,0.00,22.60
2016-05-14,16.30,11.80,18.40,15.70
2016-05-15,23.40,10.70,0.00,21.40
2016-05-16,30.40,8.90,0.00,15.80
2016-05-17,31.70,14.20,0.00,17.70
2016-05-18,29.40,15.20,0.00,16.30
2016-05-19,29.20,16.40,0.00,16.60
2016-05-20,29.10,13.70,0.00,13.60
2016-05-21,30.10,13.80,0.00,12.70
2016-05-22,29.90,16.20,0.00,10.50
2016-05-23,22.90,14.90,1.40,15.50
2016-05-24,29.90,9.80,0.00,23.90
2016-05-25,27.70,15.50,0.20,16.90
2016-05-26,29.60,13.50,0.00,20.30
2016-05-27,31.30,16.80,0.00,22.30
2016-05-28,30.70,14.00,0.00,19.20
2016-05-29,30.70,16.30,0.00,22.10
2016-05-30,35.60,17.30,0.00,14.60
2016-05-31,27.90,20.50,0.00,23.80
2016-06-01,30.80,17.10,0.00,11.40
2016-06-02,32.60,17.90,0.00,15.70
2016-06-03,29.20,17.40,0.00,14.60
2016-06-04,30.80,18.80,0.00,10.90
2016-06-05,31.50,17.20,0.00,13.60
2016-06-06,32.30,18.10,0.20,12.90
2016-06-07,26.70,18.50,6.80,13.30
2016-06-08,31.40,16.70,0.10,10.00
2016-06-09,34.40,19.20,0.30,24.80
2016-06-10,34.40,19.40,0.20,22.90
2016-06-11,31.30,20.30,0.00,21.10
2016-06-12,32.20,17.20,0.00,12.80
2016-06-13,30.00,19.80,3.20,8.30
2016-06-14,25.30,18.30,10.10,18.60
2016-06-15,31.50,14.90,0.00,11.40
2016-06-16,35.10,16.60,0.00,12.00
2016-06-17,32.70,20.80,0.80,15.90
2016-06-18,33.50,19.00,0.00,17.00
2016-06-19,36.80,20.40,0.00,15.60
2016-06-20,35.80,23.70,8.40,14.00
2016-06-21,33.20,22.90,10.80,11.80
2016-06-22,34.80,22.40,0.20,14.30
2016-06-23,31.50,22.20,0.00,11.40
2016-06-24,33.30,19.30,0.00,18.60
2016-06-25,36.80,19.50,0.00,13.80
2016-06-26,37.30,22.40,0.00,19.70
2016-06-27,33.60,23.20,0.40,16.80
2016-06-28,24.60,20.30,39.20,15.10
2016-06-29,30.30,20.20,3.90,10.70
2016-06-30,32.40,20.70,1.40,9.00
2016-07-01,30.50,20.70,0.00,11.20
2016-07-02,32.30,20.00,0.00,9.60
2016-07-03,31.00,20.50,3.90,14.90
2016-07-04,29.70,21.20,0.70,13.90
2016-07-05,31.60,20.60,0.00,8.90
2016-07-06,32.80,20.80,0.00,10.50
2016-07-07,33.60,20.40,0.00,11.80
2016-07-08,33.60,23.20,0.00,11.90
2016-07-09,35.50,24.40,0.00,10.80
2016-07-10,37.40,24.30,0.00,15.10
2016-07-11,37.80,25.20,0.00,19.00
2016-07-12,30.00,25.10,1.20,13.00
2016-07-13,35.60,22.10,0.00,9.70
2016-07-14,31.60,22.80,1.20,10.90
2016-07-15,27.40,21.50,5.30,10.00
2016-07-16,29.30,19.60,0.00,9.00
2016-07-17,31.00,20.60,0.00,9.00
2016-07-18,31.20,22.50,0.20,11.80
2016-07-19,25.20,22.10,18.40,11.50
2016-07-20,23.10,21.90,180.20,28.40
2016-07-21,27.20,22.40,9.40,13.00
2016-07-22,29.60,23.30,0.40,10.50
2016-07-23,33.00,23.70,0.30,10.80
2016-07-24,33.70,25.60,13.30,7.60
2016-07-25,30.90,24.70,20.50,16.60
2016-07-26,31.30,22.00,0.00,10.80
2016-07-27,33.40,23.00,0.00,11.70
2016-07-28,32.70,24.80,12.20,10.10
2016-07-29,32.40,23.70,10.00,9.40
2016-07-30,30.60,24.10,8.70,14.50
2016-07-31,30.80,23.60,4.60,7.40
2016-08-01,30.00,23.80,10.00,7.20
2016-08-02,31.20,22.90,0.00,7.80
2016-08-03,32.70,22.50,0.00,7.10
2016-08-04,31.60,23.80,0.00,9.40
2016-08-05,31.20,23.60,0.00,8.50
2016-08-06,32.40,24.40,0.00,10.50
2016-08-07,29.00,23.70,10.50,14.50
2016-08-08,30.50,19.80,0.00,9.90
2016-08-09,30.20,20.90,0.00,6.40
2016-08-10,32.40,23.50,0.00,13.80
2016-08-11,33.20,25.70,0.20,11.30
2016-08-12,31.10,25.70,10.10,8.30
2016-08-13,32.90,22.70,0.10,14.20
2016-08-14,33.30,21.40,0.00,8.70
2016-08-15,27.90,20.50,0.90,10.40
2016-08-16,30.10,17.90,0.00,8.00
2016-08-17,26.30,22.30,0.50,4.70
2016-08-18,24.20,22.60,42.30,11.50
2016-08-19,29.40,22.40,0.00,15.80
2016-08-20,30.20,20.80,0.00,7.60
2016-08-21,31.70,22.40,0.40,8.90
2016-08-22,31.10,23.00,0.00,11.40
2016-08-23,29.50,22.30,5.10,8.70
2016-08-24,31.30,22.70,0.00,7.00
2016-08-25,27.70,18.20,0.40,25.10
2016-08-26,27.60,14.60,0.00,9.90
2016-08-27,30.40,14.10,1.00,12.50
2016-08-28,30.20,14.50,0.00,10.70
2016-08-29,29.40,14.90,0.00,10.50
2016-08-30,30.70,18.50,0.00,5.90
2016-08-31,32.50,15.80,0.00,16.80
2016-09-01,23.50,18.30,0.20,9.70
2016-09-02,27.70,17.90,0.00,7.90
2016-09-03,29.70,17.20,0.00,8.50
2016-09-04,29.70,18.90,13.50,11.00
2016-09-05,29.70,16.40,0.00,10.20
2016-09-06,30.80,16.80,0.00,11.00
2016-09-07,30.00,19.90,0.00,9.70
2016-09-08,29.90,15.20,0.00,10.90
2016-09-09,30.20,15.30,0.00,11.30
2016-09-10,29.50,16.20,0.00,8.90
2016-09-11,24.40,17.80,26.00,11.30
2016-09-12,25.50,16.10,0.00,8.00
2016-09-13,26.50,17.00,0.70,8.30
2016-09-14,29.30,16.60,0.00,10.40
2016-09-15,29.00,18.80,0.00,8.00
2016-09-16,30.50,18.50,0.30,15.50
2016-09-17,23.50,19.50,4.80,8.40
2016-09-18,20.90,15.30,2.00,9.20
2016-09-19,23.70,12.30,0.00,11.70
2016-09-20,25.50,9.90,0.00,7.20
2016-09-21,21.90,14.90,2.00,7.40
2016-09-22,25.10,13.50,0.00,7.10
2016-09-23,26.50,15.10,0.00,10.60
2016-09-24,28.70,16.20,0.00,10.10
2016-09-25,27.00,17.10,4.40,11.90
2016-09-26,22.90,18.40,9.10,7.80
2016-09-27,21.70,14.20,0.00,28.30
2016-09-28,19.10,8.80,0.00,10.40
2016-09-29,21.30,9.10,0.00,11.90
2016-09-30,24.20,10.70,0.00,9.40
2016-10-01,25.60,14.30,0.00,10.10
2016-10-02,26.20,13.00,0.00,10.50
2016-10-03,28.00,16.00,0.20,18.60
2016-10-04,18.80,14.80,13.10,17.80
2016-10-05,21.70,10.60,0.00,9.90
2016-10-06,16.90,11.50,6.90,10.30
2016-10-07,15.20,10.90,21.90,10.30
2016-10-08,18.10,7.80,0.00,20.00
2016-10-09,16.80,6.30,0.00,14.00
2016-10-10,18.50,5.00,0.00,9.00
2016-10-11,18.70,6.30,0.00,11.00
2016-10-12,17.90,8.20,0.00,7.90
2016-10-13,21.80,7.70,0.00,8.30
2016-10-14,23.10,10.60,0.00,10.10
2016-10-15,18.20,11.00,1.30,6.90
2016-10-16,20.90,11.80,0.00,12.60
2016-10-17,20.30,7.70,0.00,10.20
2016-10-18,20.90,9.30,0.00,7.90
2016-10-19,22.70,13.20,0.00,6.60
2016-10-20,15.40,10.50,6.60,21.30
2016-10-21,12.10,10.30,10.00,6.00
2016-10-22,13.60,7.60,0.20,12.40
2016-10-23,14.20,5.80,0.00,5.40
2016-10-24,13.20,5.80,0.00,5.90
2016-10-25,18.00,4.40,0.00,11.50
2016-10-26,14.10,8.00,0.00,11.40
2016-10-27,10.70,7.80,11.60,10.50
2016-10-28,11.90,2.60,0.00,17.20
2016-10-29,11.70,-0.80,0.00,16.60
2016-10-30,13.20,0.80,0.00,20.60
2016-10-31,6.10,-3.30,0.00,19.20
2016-11-01,7.60,-4.50,0.00,10.60
2016-11-02,12.70,-1.70,0.00,9.80
2016-11-03,13.50,0.50,0.00,8.20
2016-11-04,15.20,0.80,0.00,9.30
2016-11-05,16.90,2.00,0.00,12.00
2016-11-06,9.30,0.90,0.20,9.30
2016-11-07,10.80,-0.10,1.30,19.30
2016-11-08,10.60,-3.40,0.00,10.70
2016-11-09,9.70,-2.00,0.00,12.30
2016-11-10,10.90,0.10,0.00,8.50
2016-11-11,10.10,-2.10,0.00,9.00
2016-11-12,12.10,-1.80,0.00,8.60
2016-11-13,10.70,2.80,0.00,6.50
2016-11-14,11.90,-0.30,0.00,13.80
2016-11-15,9.60,-0.20,0.00,9.90
2016-11-16,11.60,-1.50,0.00,6.80
2016-11-17,7.00,1.70,0.00,8.40
2016-11-18,9.70,4.00,0.00,5.80
2016-11-19,13.00,4.20,0.00,11.20
2016-11-20,5.70,0.90,12.80,11.00
2016-11-21,0.90,-6.10,5.40,18.80
2016-11-22,0.20,-12.00,0.00,18.30
2016-11-23,-0.50,-8.20,0.00,11.30
2016-11-24,1.20,-8.10,0.00,11.00
2016-11-25,2.00,-5.70,0.00,9.30
2016-11-26,4.70,-3.70,0.00,10.80
2016-11-27,4.00,-5.60,0.00,17.10
2016-11-28,6.30,-3.30,0.00,8.30
2016-11-29,4.00,-3.80,0.00,6.50
2016-11-30,9.40,-3.20,0.00,11.20
2016-12-01,7.60,-4.10,0.00,11.80
2016-12-02,7.50,-3.40,0.00,8.00
2016-12-03,7.10,-3.30,0.00,7.20
2016-12-04,8.90,-4.40,0.00,10.00
2016-12-05,4.80,-4.70,0.00,20.10
2016-12-06,4.60,-4.40,0.00,8.80
2016-12-07,8.50,-4.80,0.00,9.80
2016-12-08,7.10,-3.60,0.10,24.50
2016-12-09,4.00,-4.60,0.00,9.20
2016-12-10,3.90,-4.60,0.00,6.00
2016-12-11,4.60,-5.80,0.00,8.50
2016-12-12,5.60,-1.40,0.00,7.70
2016-12-13,3.10,-5.10,0.00,11.80
2016-12-14,1.20,-6.50,0.00,11.60
2016-12-15,4.00,-5.70,0.00,16.40
2016-12-16,4.60,-5.30,0.00,10.50
2016-12-17,5.90,-4.30,0.00,6.90
2016-12-18,6.90,-5.20,0.00,6.20
2016-12-19,7.30,-5.30,0.00,9.00
2016-12-20,3.20,-5.10,0.00,5.90
2016-12-21,4.30,-3.40,0.00,7.10
2016-12-22,5.10,-4.20,0.00,18.20
2016-12-23,2.30,-5.70,0.00,9.40
2016-12-24,2.90,-5.40,0.00,7.70
2016-12-25,3.50,-5.20,0.00,6.00
2016-12-26,3.30,-4.60,0.10,9.30
2016-12-27,1.50,-6.20,0.00,9.70
2016-12-28,2.40,-8.20,0.00,15.00
2016-12-29,1.30,-9.80,0.00,10.50
2016-12-30,1.30,-8.40,0.00,9.30
2016-12-31,3.90,-7.60,0.00,10.30
2017-01-01,5.30,-7.40,0.00,11.20
2017-01-02,6.20,-4.30,0.00,17.50
2017-01-03,6.30,-6.20,0.00,14.30
2017-01-04,6.20,-4.70,0.00,10.40
2017-01-05,1.30,-4.90,0.80,7.90
2017-01-06,4.70,-3.80,0.00,9.00
2017-01-07,3.70,-2.30,0.70,8.80
2017-01-08,7.20,-3.80,0.00,15.00
2017-01-09,2.50,-4.60,0.00,21.50
2017-01-10,4.20,-5.10,0.00,21.40
2017-01-11,5.20,-6.10,0.00,13.00
2017-01-12,4.20,-4.20,0.00,15.50
2017-01-13,2.00,-5.30,0.00,21.00
2017-01-14,1.00,-6.20,0.00,17.00
2017-01-15,0.30,-6.40,0.00,10.50
2017-01-16,0.70,-5.60,0.00,10.20
2017-01-17,3.20,-5.20,0.00,13.00
2017-01-18,1.50,-6.70,0.00,14.90
2017-01-19,-1.10,-7.70,0.20,34.90
2017-01-20,-0.60,-8.60,0.00,14.60
2017-01-21,-0.80,-8.60,0.00,30.90
2017-01-22,-0.60,-8.20,0.00,14.00
2017-01-23,-0.20,-8.40,0.00,12.80
2017-01-24,1.90,-8.20,0.00,10.50
2017-01-25,4.10,-7.20,0.00,11.20
2017-01-26,9.20,-6.00,0.00,23.90
2017-01-27,4.20,-6.00,0.00,25.80
2017-01-28,3.00,-4.30,0.00,8.00
2017-01-29,0.60,-5.60,0.00,31.20
2017-01-30,0.10,-8.60,0.00,20.20
2017-01-31,3.80,-5.10,0.00,17.90
2017-02-01,2.40,-5.70,0.00,20.30
2017-02-02,4.70,-7.60,0.00,12.20
2017-02-03,7.10,-5.40,0.00,12.30
2017-02-04,8.00,-3.50,0.00,14.40
2017-02-05,8.20,-3.00,0.00,20.60
2017-02-06,4.20,-4.70,0.00,15.40
2017-02-07,2.90,-5.20,0.70,7.60
2017-02-08,3.50,-4.30,0.00,27.80
2017-02-09,2.50,-5.40,0.00,26.30
2017-02-10,4.70,-5.40,0.00,26.50
2017-02-11,7.50,-5.20,0.00,15.10
2017-02-12,8.60,-4.60,0.00,12.70
2017-02-13,9.80,-2.20,0.00,16.70
2017-02-14,7.80,-5.20,0.00,11.60
2017-02-15,10.40,-3.50,0.00,13.40
2017-02-16,7.80,0.30,0.00,33.60
2017-02-17,5.40,-4.60,0.00,21.90
2017-02-18,8.50,-4.90,0.00,18.70
2017-02-19,13.60,-2.30,0.00,39.40
2017-02-20,5.60,-3.30,0.00,30.50
2017-02-21,1.90,-3.70,1.50,16.10
2017-02-22,9.90,-5.80,0.00,29.80
2017-02-23,7.70,-3.70,0.00,24.30
2017-02-24,11.10,-5.50,0.00,16.30
2017-02-25,13.60,-3.00,0.00,14.50
2017-02-26,12.40,-1.60,0.00,18.00
2017-02-27,15.20,-1.50,0.00,10.80
2017-02-28,14.50,2.80,0.00,17.70
2017-03-01,7.30,-1.50,0.20,35.00
2017-03-02,13.80,-3.10,0.00,21.20
2017-03-03,14.30,-1.40,0.00,16.80
2017-03-04,12.30,-2.00,0.00,20.70
2017-03-05,10.20,0.10,0.00,36.20
2017-03-06,9.70,-3.00,0.00,25.70
2017-03-07,9.60,-4.10,0.00,28.10
2017-03-08,12.50,-3.20,0.00,23.60
2017-03-09,15.90,-1.10,0.00,16.30
2017-03-10,17.80,0.40,0.00,15.00
2017-03-11,19.50,4.40,0.00,32.90
2017-03-12,12.50,3.80,0.00,29.60
2017-03-13,14.10,-1.00,0.00,16.30
2017-03-14,15.40,1.70,0.00,16.30
2017-03-15,15.70,-0.70,0.00,16.60
2017-03-16,16.80,0.70,0.00,16.90
2017-03-17,16.50,3.50,0.00,16.30
2017-03-18,18.60,3.40,0.00,18.00
2017-03-19,19.00,3.50,0.00,16.50
2017-03-20,14.10,5.80,0.20,22.80
2017-03-21,14.60,3.70,0.00,16.80
2017-03-22,15.70,2.50,0.00,18.70
2017-03-23,9.10,5.30,7.90,13.60
2017-03-24,6.00,1.50,9.30,11.40
2017-03-25,13.90,0.30,0.20,18.80
2017-03-26,14.10,4.00,0.00,24.30
2017-03-27,14.00,1.10,0.00,19.20
2017-03-28,16.00,3.30,0.00,21.90
2017-03-29,19.00,3.20,0.00,16.10
2017-03-30,15.50,7.20,0.20,23.70
2017-03-31,18.50,4.00,0.00,23.20
2017-04-01,21.40,4.80,0.00,22.10
2017-04-02,22.20,3.80,0.00,12.50
2017-04-03,25.60,5.90,0.00,23.40
2017-04-04,20.00,12.50,0.00,22.00
2017-04-05,20.70,11.10,0.00,20.50
2017-04-06,24.60,6.10,0.00,20.30
2017-04-07,22.10,11.20,0.00,18.70
2017-04-08,19.60,9.40,0.00,20.40
2017-04-09,18.30,6.60,0.00,13.80
2017-04-10,20.50,7.00,0.00,23.30
2017-04-11,20.80,9.40,0.00,33.40
2017-04-12,24.20,5.60,0.00,20.60
2017-04-13,21.20,5.70,0.00,21.10
2017-04-14,27.90,7.70,0.00,24.70
2017-04-15,30.10,10.90,0.00,17.10
2017-04-16,27.20,14.00,0.00,20.70
2017-04-17,26.90,9.60,0.10,21.30
2017-04-18,22.00,10.30,0.00,30.20
2017-04-19,17.70,7.90,0.30,18.50
2017-04-20,21.90,5.60,0.00,18.30
2017-04-21,21.00,9.30,0.00,21.90
2017-04-22,26.60,8.60,0.00,34.60
2017-04-23,25.00,11.90,0.00,28.10
2017-04-24,22.20,9.80,0.00,33.40
2017-04-25,19.60,9.90,0.00,24.90
2017-04-26,23.50,8.40,0.00,25.70
2017-04-27,28.00,9.20,0.00,24.30
2017-04-28,31.40,13.20,0.00,27.30
2017-04-29,34.50,13.90,0.00,24.30
2017-04-30,30.10,16.20,0.00,23.10
2017-05-01,28.40,11.80,0.00,17.30
2017-05-02,30.20,13.90,0.00,25.80
2017-05-03,26.50,16.80,0.10,25.40
2017-05-04,25.60,14.10,0.00,24.60
2017-05-05,19.50,14.40,0.00,46.80
2017-05-06,28.70,9.90,0.00,29.10
2017-05-07,30.30,13.40,0.00,21.50
2017-05-08,29.90,15.60,0.00,27.00
2017-05-09,28.60,15.60,0.00,27.50
2017-05-10,30.90,13.00,0.00,21.90
2017-05-11,29.50,14.50,0.00,35.80
2017-05-12,29.90,11.40,0.00,31.40
2017-05-13,27.60,13.10,0.00,38.20
2017-05-14,28.10,14.40,0.00,21.40
2017-05-15,27.40,14.10,0.00,17.00
2017-05-16,31.50,15.80,0.00,28.70
2017-05-17,32.80,16.10,0.00,15.20
2017-05-18,35.00,18.00,0.00,21.90
2017-05-19,36.00,20.20,0.00,20.60
2017-05-20,34.80,19.50,0.00,20.60
2017-05-21,31.60,19.60,0.60,22.50
2017-05-22,20.40,15.80,14.40,22.00
2017-05-23,27.80,12.10,0.00,23.40
2017-05-24,32.80,12.90,0.00,23.10
2017-05-25,28.60,18.60,0.00,23.40
2017-05-26,29.20,13.50,0.00,15.00
2017-05-27,32.40,16.00,0.00,14.00
2017-05-28,36.00,18.00,0.00,24.00
2017-05-29,24.70,20.60,1.80,19.70
2017-05-30,27.20,18.00,1.70,13.30
2017-05-31,33.80,15.60,0.40,26.70
2017-06-01,30.80,17.10,0.00,21.70
2017-06-02,21.80,15.10,0.50,27.40
2017-06-03,28.00,12.80,0.00,19.10
2017-06-04,31.90,15.20,0.00,16.80
2017-06-05,30.50,19.10,0.00,20.60
2017-06-06,22.00,16.20,2.60,18.80
2017-06-07,31.50,13.60,0.00,18.40
2017-06-08,34.10,15.70,0.00,18.10
2017-06-09,38.00,16.60,0.00,34.40
2017-06-10,30.00,19.10,0.00,19.60
2017-06-11,31.50,16.60,0.00,11.80
2017-06-12,29.00,17.90,0.10,23.40
2017-06-13,28.00,18.80,0.50,13.10
2017-06-14,35.50,16.50,0.00,21.10
2017-06-15,38.20,20.50,0.00,23.30
2017-06-16,38.00,23.50,0.00,26.60
2017-06-17,34.60,24.40,2.30,32.50
2017-06-18,35.80,24.70,1.00,22.70
2017-06-19,33.80,21.40,2.40,14.90
2017-06-20,33.50,20.80,1.20,18.20
2017-06-21,32.60,22.30,5.90,20.20
2017-06-22,22.60,19.90,34.60,12.30
2017-06-23,23.00,19.40,34.80,18.70
2017-06-24,25.90,18.60,8.00,20.00
2017-06-25,29.90,17.40,1.80,9.00
2017-06-26,32.80,19.80,0.00,14.10
2017-06-27,35.10,20.80,0.00,16.30
2017-06-28,36.00,21.60,0.00,21.70
2017-06-29,34.80,23.20,0.40,17.30
2017-06-30,36.80,24.40,0.00,14.50
2017-07-01,36.50,25.00,2.20,19.00
2017-07-02,35.20,24.50,0.40,21.70
2017-07-03,35.20,23.60,1.50,20.50
2017-07-04,31.80,23.80,19.90,15.80
2017-07-05,31.50,22.90,3.40,13.80
2017-07-06,26.40,22.90,64.40,19.30
2017-07-07,32.70,22.60,34.90,23.40
2017-07-08,33.00,23.00,0.00,14.50
2017-07-09,34.50,26.00,0.00,15.80
2017-07-10,35.70,22.90,0.00,12.80
2017-07-11,35.90,21.70,0.00,16.10
2017-07-12,36.70,24.20,0.00,16.20
2017-07-13,37.30,26.70,1.50,18.40
2017-07-14,35.20,24.10,44.70,12.80
2017-07-15,29.90,23.50,32.60,18.70
2017-07-16,33.30,24.00,0.20,11.40
2017-07-17,31.90,24.00,0.30,10.70
2017-07-18,31.50,25.50,1.80,13.10
2017-07-19,32.10,25.00,0.30,11.90
2017-07-20,33.80,25.50,4.10,19.90
2017-07-21,26.80,22.10,70.20,20.20
2017-07-22,26.60,22.90,0.80,8.30
2017-07-23,28.50,23.60,5.30,11.20
2017-07-24,29.50,23.50,0.40,15.80
2017-07-25,29.80,23.40,0.80,12.20
2017-07-26,23.10,19.30,11.50,13.80
2017-07-27,25.90,18.90,0.00,10.20
2017-07-28,29.50,21.80,0.00,10.80
2017-07-29,27.60,19.70,0.00,24.60
2017-07-30,29.20,18.30,0.00,11.20
2017-07-31,30.90,20.10,0.00,9.30
2017-08-01,30.50,22.20,1.10,12.80
2017-08-02,29.90,24.00,35.90,13.90
2017-08-03,33.00,24.50,4.30,17.30
2017-08-04,35.00,23.60,0.00,13.70
2017-08-05,33.20,22.50,4.00,13.00
2017-08-06,32.40,23.30,0.10,18.50
2017-08-07,33.30,22.60,0.00,15.20
2017-08-08,32.20,22.40,1.60,15.10
2017-08-09,27.70,22.50,8.60,12.40
2017-08-10,32.00,21.50,0.10,13.80
2017-08-11,33.10,23.40,3.90,18.50
2017-08-12,28.50,22.20,23.50,16.20
2017-08-13,28.00,21.90,9.70,11.60
2017-08-14,29.50,22.30,2.10,11.20
2017-08-15,29.40,21.60,0.00,10.90
2017-08-16,27.50,21.80,8.90,19.60
2017-08-17,28.90,20.90,0.10,12.00
2017-08-18,27.60,21.00,14.80,9.20
2017-08-19,27.60,21.50,6.90,11.70
2017-08-20,28.90,21.40,1.20,9.00
2017-08-21,31.40,23.10,0.10,11.30
2017-08-22,28.60,23.50,13.10,14.80
2017-08-23,32.10,23.70,21.10,20.00
2017-08-24,30.60,19.60,0.00,27.70
2017-08-25,30.50,16.60,0.00,15.40
2017-08-26,26.40,18.00,0.00,19.30
2017-08-27,22.90,17.00,18.20,29.20
2017-08-28,26.60,15.40,0.60,20.10
2017-08-29,25.10,14.70,0.00,23.00
2017-08-30,26.00,15.10,0.00,15.00
2017-08-31,26.20,18.00,0.20,12.20
2017-09-01,26.90,17.90,0.00,14.00
2017-09-02,26.60,18.70,0.20,20.60
2017-09-03,27.00,17.00,0.00,20.60
2017-09-04,27.00,18.20,0.00,16.40
2017-09-05,29.40,19.70,0.00,15.00
2017-09-06,28.90,17.30,0.00,11.90
2017-09-07,29.50,16.90,0.00,10.00
2017-09-08,30.80,19.20,0.00,10.70
2017-09-09,29.60,21.30,0.00,12.40
2017-09-10,26.40,20.00,1.40,9.50
2017-09-11,27.40,18.00,0.00,20.80
2017-09-12,28.00,14.80,0.00,12.60
2017-09-13,29.50,18.50,0.00,11.40
2017-09-14,28.50,18.50,0.00,16.80
2017-09-15,28.00,18.40,0.00,9.60
2017-09-16,28.20,17.00,0.30,17.00
2017-09-17,27.10,16.00,0.00,17.10
2017-09-18,29.00,14.20,0.00,14.70
2017-09-19,29.00,16.00,0.00,15.70
2017-09-20,27.00,13.90,0.00,12.00
2017-09-21,28.80,13.10,0.00,18.00
2017-09-22,26.80,16.60,0.00,21.60
2017-09-23,26.80,11.60,0.00,16.50
2017-09-24,28.80,17.10,0.00,17.80
2017-09-25,26.50,18.50,0.40,14.80
2017-09-26,22.80,13.40,2.00,26.20
2017-09-27,21.60,12.40,0.00,18.60
2017-09-28,21.50,8.90,0.00,21.40
2017-09-29,23.70,9.00,0.00,21.90
2017-09-30,27.00,12.60,0.00,18.40
2017-10-01,24.80,15.80,0.00,21.30
2017-10-02,17.10,11.40,0.80,13.80
2017-10-03,19.30,10.90,0.00,16.10
2017-10-04,21.20,9.20,0.00,21.30
2017-10-05,20.00,9.50,0.00,17.90
2017-10-06,22.00,10.60,0.00,14.40
2017-10-07,18.50,12.40,1.60,9.10
2017-10-08,17.80,13.20,11.50,9.20
2017-10-09,14.40,10.60,34.70,23.00
2017-10-10,11.40,8.10,9.50,17.30
2017-10-11,15.20,5.80,0.00,12.90
2017-10-12,14.40,5.90,0.40,9.10
2017-10-13,17.50,4.60,0.00,10.00
2017-10-14,13.00,7.80,3.50,14.20
2017-10-15,17.50,8.60,0.40,10.80
2017-10-16,16.40,6.80,0.00,14.20
2017-10-17,16.20,8.10,1.90,9.80
2017-10-18,15.40,9.90,6.30,11.20
2017-10-19,18.40,8.20,0.00,11.10
2017-10-20,19.20,8.20,0.00,12.30
2017-10-21,17.50,10.70,0.30,16.20
2017-10-22,14.30,9.90,0.90,8.30
2017-10-23,15.10,6.90,0.00,13.50
2017-10-24,17.20,5.50,0.00,15.60
2017-10-25,13.90,7.30,0.00,10.20
2017-10-26,15.90,7.50,0.00,7.40
2017-10-27,18.60,7.80,0.00,9.70
2017-10-28,13.60,6.70,0.00,33.40
2017-10-29,12.60,2.20,0.00,23.60
2017-10-30,13.20,1.00,0.00,12.20
2017-10-31,13.10,2.00,0.00,10.40
2017-11-01,17.00,4.80,0.00,15.90
2017-11-02,18.50,4.80,0.00,21.70
2017-11-03,10.80,1.90,0.00,19.30
2017-11-04,12.40,-0.90,0.00,17.80
2017-11-05,12.80,0.90,0.00,9.00
2017-11-06,14.10,3.90,0.00,11.80
2017-11-07,17.20,3.70,0.00,27.40
2017-11-08,12.90,1.90,0.00,10.90
2017-11-09,12.50,3.30,0.00,10.90
2017-11-10,11.30,2.50,0.00,34.20
2017-11-11,7.70,-2.70,0.00,14.20
2017-11-12,8.90,-1.70,0.00,13.40
2017-11-13,10.80,-0.10,0.00,30.40
2017-11-14,6.70,-2.70,0.00,27.70
2017-11-15,4.20,-5.80,0.00,13.20
2017-11-16,5.90,-5.10,0.00,9.40
2017-11-17,4.10,-3.60,0.00,31.80
2017-11-18,2.30,-6.00,0.00,24.50
2017-11-19,5.00,-5.80,0.00,13.90
2017-11-20,8.00,-4.60,0.00,13.20
2017-11-21,6.10,-5.30,0.00,22.50
2017-11-22,7.40,-2.80,0.00,32.70
2017-11-23,6.20,-6.10,0.00,19.70
2017-11-24,5.50,-5.10,0.00,26.40
2017-11-25,6.40,-4.60,0.00,11.50
2017-11-26,2.60,-3.20,0.00,28.80
2017-11-27,4.30,-5.40,0.00,9.00
2017-11-28,5.50,-4.30,0.00,34.40
2017-11-29,-0.50,-6.40,0.00,18.80
2017-11-30,2.50,-6.30,0.00,20.40
2017-12-01,3.80,-5.90,0.00,13.50
2017-12-02,4.90,-6.40,0.00,10.00
2017-12-03,3.90,-3.80,0.00,18.60
2017-12-04,2.00,-5.80,0.00,23.70
2017-12-05,6.50,-6.00,0.00,17.60
2017-12-06,8.10,-3.20,0.00,20.40
2017-12-07,4.10,-4.60,0.00,28.30
2017-12-08,5.60,-4.60,0.00,14.10
2017-12-09,6.40,-3.50,0.00,16.60
2017-12-10,3.00,-4.00,0.00,28.10
2017-12-11,0.20,-6.40,0.00,21.00
2017-12-12,-3.20,-7.80,0.00,9.60
2017-12-13,-1.40,-8.40,0.00,7.10
2017-12-14,0.20,-5.70,0.00,11.40
2017-12-15,2.30,-5.10,0.00,20.90
2017-12-16,-0.40,-5.70,0.00,26.70
2017-12-17,3.30,-6.90,0.00,15.50
2017-12-18,4.80,-4.70,0.00,26.00
2017-12-19,4.00,-5.50,0.00,20.10
2017-12-20,6.70,-3.60,0.00,17.60
2017-12-21,5.80,-4.50,0.00,12.10
2017-12-22,8.60,-4.30,0.00,21.70
2017-12-23,5.30,-5.10,0.00,9.60
2017-12-24,4.50,-3.80,0.00,32.60
2017-12-25,3.50,-5.10,0.00,18.20
2017-12-26,1.60,-4.90,0.00,15.60
2017-12-27,1.30,-6.20,0.00,9.70
2017-12-28,3.20,-5.70,0.00,10.90
2017-12-29,3.90,-6.10,0.00,9.00
2017-12-30,5.80,-6.20,0.00,27.50
2017-12-31,3.50,-5.90,0.00,9.90
2018-01-01,2.50,-5.70,0.00,14.70
2018-01-02,1.40,-7.40,0.00,20.20
2018-01-03,1.30,-6.20,0.00,20.40
2018-01-04,-1.00,-6.20,0.00,17.10
2018-01-05,2.80,-7.90,0.00,17.10
2018-01-06,2.20,-6.40,0.00,16.00
2018-01-07,2.50,-3.30,0.00,18.60
2018-01-08,0.60,-5.20,0.00,32.40
2018-01-09,0.60,-6.90,0.00,32.60
2018-01-10,-1.50,-8.40,0.00,26.90
2018-01-11,-2.30,-10.10,0.00,22.50
2018-01-12,1.80,-10.30,0.00,13.90
2018-01-13,2.80,-7.40,0.00,11.50
2018-01-14,7.30,-6.40,0.00,26.10
2018-01-15,1.20,-4.90,0.00,11.90
2018-01-16,3.50,-3.80,0.00,19.50
2018-01-17,6.40,-5.30,0.00,22.50
2018-01-18,3.80,-7.40,0.00,12.30
2018-01-19,7.00,-5.50,0.00,12.90
2018-01-20,3.80,-4.60,0.00,15.00
2018-01-21,-0.90,-4.40,0.00,9.70
2018-01-22,-1.60,-10.30,0.90,27.70
2018-01-23,-5.00,-14.40,0.00,17.70
2018-01-24,-2.80,-12.90,0.00,19.80
2018-01-25,-4.60,-11.60,0.00,20.40
2018-01-26,-4.80,-12.90,0.00,13.80
2018-01-27,-2.70,-11.60,0.00,9.20
2018-01-28,-1.50,-11.80,0.00,24.10
2018-01-29,0.90,-9.40,0.00,21.60
2018-01-30,4.10,-7.00,0.00,20.60
2018-01-31,2.50,-5.90,0.00,13.40
2018-02-01,4.20,-6.70,0.00,22.80
2018-02-02,-1.50,-7.60,0.00,26.30
2018-02-03,0.60,-8.90,0.00,22.00
2018-02-04,3.50,-9.80,0.00,21.40
2018-02-05,-0.40,-8.10,0.00,23.20
2018-02-06,1.20,-10.20,0.00,17.30
2018-02-07,0.40,-6.70,0.00,34.00
2018-02-08,1.60,-9.20,0.00,22.10
2018-02-09,2.30,-7.30,0.00,35.40
2018-02-10,-1.10,-8.50,0.00,32.60
2018-02-11,-1.10,-8.30,0.00,33.40
2018-02-12,5.30,-7.60,0.00,25.40
2018-02-13,6.30,-5.70,0.00,11.70
2018-02-14,5.40,-2.50,0.00,22.50
2018-02-15,4.70,-6.50,0.00,17.60
2018-02-16,6.50,-4.80,0.00,22.70
2018-02-17,4.40,-6.60,0.00,9.50
2018-02-18,7.70,-5.10,0.00,14.00
2018-02-19,6.60,-4.40,0.00,12.30
2018-02-20,5.20,-3.80,0.00,17.30
2018-02-21,7.50,-5.60,0.00,12.00
2018-02-22,8.30,-5.40,0.00,12.60
2018-02-23,10.60,-4.60,0.00,18.90
2018-02-24,2.70,-4.80,0.00,15.90
2018-02-25,5.80,-6.80,0.00,11.90
2018-02-26,10.10,-3.50,0.00,13.00
2018-02-27,5.80,-1.30,0.00,15.60
2018-02-28,8.00,-2.30,0.80,29.80
2018-03-01,7.60,-4.90,0.00,21.50
2018-03-02,9.50,-4.20,0.00,13.00
2018-03-03,11.60,-2.00,0.00,11.00
2018-03-04,8.10,-0.40,0.00,22.80
2018-03-05,7.30,-5.00,0.00,24.20
2018-03-06,5.80,-5.20,0.00,24.30
2018-03-07,3.50,-4.70,0.40,14.10
2018-03-08,6.10,-5.20,0.00,16.90
2018-03-09,9.40,-4.40,0.00,14.80
2018-03-10,12.90,-1.50,0.00,18.50
2018-03-11,9.50,-4.20,0.00,11.00
2018-03-12,13.80,-2.50,0.00,10.30
2018-03-13,20.10,1.70,0.00,10.50
2018-03-14,19.30,6.60,0.00,16.30
2018-03-15,12.10,2.00,0.20,29.30
2018-03-16,9.10,-2.30,0.00,19.40
2018-03-17,4.40,-0.10,2.20,11.20
2018-03-18,12.30,-1.10,0.00,8.80
2018-03-19,14.20,0.90,0.00,16.80
2018-03-20,9.50,1.20,0.00,13.50
2018-03-21,12.10,-3.80,0.00,16.90
2018-03-22,17.50,-0.80,0.00,16.20
2018-03-23,19.50,3.40,0.10,15.50
2018-03-24,21.50,4.10,0.00,19.10
2018-03-25,25.00,4.50,0.00,17.80
2018-03-26,24.60,8.40,0.00,17.80
2018-03-27,28.20,7.30,0.00,15.80
2018-03-28,24.40,11.90,0.00,18.10
2018-03-29,20.40,6.50,0.00,21.50
2018-03-30,18.20,5.60,0.00,19.10
2018-03-31,24.60,6.40,0.00,14.10
2018-04-01,27.50,8.10,0.00,24.10
2018-04-02,27.80,9.70,0.00,25.90
2018-04-03,16.50,3.30,0.50,31.00
2018-04-04,9.90,0.10,7.80,14.70
2018-04-05,9.80,-0.30,0.60,21.20
2018-04-06,10.40,3.20,0.00,40.00
2018-04-07,12.60,-0.30,0.00,17.40
2018-04-08,19.00,0.90,0.00,16.90
2018-04-09,20.00,3.20,0.00,14.30
2018-04-10,23.50,6.10,0.00,40.20
2018-04-11,25.40,6.30,0.00,19.80
2018-04-12,22.90,9.40,0.00,24.20
2018-04-13,12.10,9.40,4.40,21.60
2018-04-14,18.20,5.10,0.00,36.20
2018-04-15,20.90,4.60,0.00,22.70
2018-04-16,23.50,5.90,0.00,25.40
2018-04-17,24.40,9.90,0.00,20.40
2018-04-18,26.90,11.60,0.00,18.70
2018-04-19,29.70,14.60,0.00,25.80
2018-04-20,29.40,12.80,0.00,23.10
2018-04-21,20.00,11.60,34.60,25.50
2018-04-22,14.10,10.90,1.60,19.40
2018-04-23,17.90,11.10,0.00,15.60
2018-04-24,22.60,9.60,0.00,17.60
2018-04-25,24.60,8.40,0.00,18.90
2018-04-26,26.70,9.90,0.00,17.70
2018-04-27,24.60,12.60,0.00,26.30
2018-04-28,28.20,11.80,0.00,18.10
2018-04-29,29.50,15.40,0.80,17.20
2018-04-30,24.50,15.60,0.00,20.90
2018-05-01,23.70,13.10,0.00,23.50
2018-05-02,23.50,11.30,0.50,19.80
2018-05-03,23.90,11.00,0.00,24.60
2018-05-04,26.80,9.90,0.00,18.40
2018-05-05,26.90,16.50,0.50,25.20
2018-05-06,27.70,11.90,0.00,22.90
2018-05-07,26.60,14.90,0.00,21.70
2018-05-08,25.80,11.90,0.00,18.80
2018-05-09,28.00,11.70,0.00,23.70
2018-05-10,27.10,14.70,0.00,18.30
2018-05-11,24.80,18.10,0.00,15.10
2018-05-12,28.00,14.60,4.00,20.30
2018-05-13,29.40,14.10,0.00,18.60
2018-05-14,33.30,17.20,0.00,21.00
2018-05-15,29.90,19.50,1.80,20.20
2018-05-16,29.10,21.10,0.60,11.20
2018-05-17,23.50,18.50,3.20,12.90
2018-05-18,27.70,18.00,0.00,14.80
2018-05-19,28.10,15.10,0.40,18.50
2018-05-20,19.90,17.30,0.40,12.10
2018-05-21,17.60,14.90,3.20,14.20
2018-05-22,25.90,13.90,0.60,28.60
2018-05-23,29.50,9.60,0.00,34.60
2018-05-24,31.40,15.90,0.00,22.50
2018-05-25,31.50,17.10,0.00,22.70
2018-05-26,32.30,19.20,0.00,27.50
2018-05-27,32.80,15.90,0.00,30.60
2018-05-28,28.80,18.40,0.00,35.20
2018-05-29,31.30,15.30,0.00,23.50
2018-05-30,32.30,16.40,0.00,14.00
2018-05-31,35.40,16.80,0.00,19.80
2018-06-01,36.20,19.20,0.00,24.50
2018-06-02,35.60,20.50,0.00,25.60
2018-06-03,28.40,22.40,0.60,20.50
2018-06-04,35.40,16.80,0.00,32.60
2018-06-05,40.00,19.20,0.00,38.60
2018-06-06,33.50,21.00,0.00,25.50
2018-06-07,32.60,23.00,0.00,16.20
2018-06-08,32.00,19.90,0.00,18.10
2018-06-09,24.20,18.00,7.00,18.60
2018-06-10,28.30,15.10,0.30,22.10
2018-06-11,29.40,16.20,0.00,16.60
2018-06-12,31.20,17.50,0.10,12.40
2018-06-13,25.50,18.20,8.90,18.70
2018-06-14,30.40,16.30,0.00,14.80
2018-06-15,30.30,18.40,0.00,26.00
2018-06-16,31.60,18.80,0.40,19.20
2018-06-17,30.50,22.00,0.50,17.00
2018-06-18,32.00,21.00,0.60,18.30
2018-06-19,32.10,21.50,0.20,16.10
2018-06-20,35.30,20.50,0.00,20.40
2018-06-21,35.50,21.70,0.00,19.70
2018-06-22,34.00,21.60,0.00,26.60
2018-06-23,37.60,21.50,0.00,18.20
2018-06-24,37.50,26.10,0.00,22.70
2018-06-25,36.80,23.70,3.20,17.80
2018-06-26,35.60,23.30,0.30,26.30
2018-06-27,38.70,23.00,0.00,27.70
2018-06-28,35.40,25.50,0.00,24.50
2018-06-29,39.50,22.60,0.00,17.50
2018-06-30,37.50,22.50,0.20,21.90
2018-07-01,34.50,22.80,0.00,18.90
2018-07-02,33.20,23.30,0.80,19.50
2018-07-03,30.90,23.10,3.10,12.50
2018-07-04,35.50,23.40,0.00,10.00
2018-07-05,35.80,25.00,0.40,17.80
2018-07-06,35.40,24.40,0.00,21.20
2018-07-07,31.60,23.10,5.10,19.80
2018-07-08,30.70,23.10,21.50,13.00
2018-07-09,27.20,22.90,3.70,14.70
2018-07-10,29.50,21.90,1.10,11.60
2018-07-11,24.10,21.20,22.50,12.80
2018-07-12,27.20,20.50,6.20,9.10
2018-07-13,29.20,22.50,5.10,8.40
2018-07-14,31.00,24.00,0.80,9.90
2018-07-15,33.20,23.80,2.20,12.60
2018-07-16,30.90,24.90,27.90,15.60
2018-07-17,28.10,23.70,38.00,16.30
2018-07-18,32.20,23.50,3.60,17.80
2018-07-19,32.70,24.30,11.90,15.10
2018-07-20,33.40,25.40,0.30,21.90
2018-07-21,34.50,27.00,3.50,19.10
2018-07-22,33.00,24.70,10.80,10.50
2018-07-23,32.80,24.60,3.90,14.00
2018-07-24,31.20,24.80,40.80,23.90
2018-07-25,32.70,23.40,20.30,18.80
2018-07-26,32.80,24.00,0.00,14.30
2018-07-27,30.30,24.60,1.20,15.10
2018-07-28,32.00,24.50,0.40,9.30
2018-07-29,33.00,24.90,0.10,8.30
2018-07-30,34.00,25.60,0.40,12.00
2018-07-31,35.00,25.50,0.00,12.20
2018-08-01,35.50,25.80,0.00,9.10
2018-08-02,35.20,26.90,0.50,10.20
2018-08-03,35.90,26.40,0.00,14.80
2018-08-04,35.60,26.20,0.00,12.20
2018-08-05,33.50,25.50,11.30,15.60
2018-08-06,29.50,24.50,15.30,14.00
2018-08-07,30.90,25.20,5.50,7.90
2018-08-08,28.20,24.40,18.10,12.60
2018-08-09,31.10,22.90,0.00,10.10
2018-08-10,32.80,23.50,0.00,10.60
2018-08-11,29.50,25.00,9.70,12.10
2018-08-12,30.00,23.50,90.20,13.80
2018-08-13,31.50,23.60,33.20,11.50
2018-08-14,30.60,24.00,4.60,16.60
2018-08-15,32.10,24.50,0.00,25.30
2018-08-16,30.30,22.60,0.00,14.80
2018-08-17,29.90,21.60,0.00,8.10
2018-08-18,26.60,22.80,0.50,18.70
2018-08-19,26.80,21.60,1.40,14.50
2018-08-20,30.40,21.00,0.00,14.70
2018-08-21,31.20,23.60,0.00,23.50
2018-08-22,27.80,22.00,0.00,14.50
2018-08-23,30.50,19.90,0.00,11.50
2018-08-24,30.10,20.10,0.00,11.70
2018-08-25,31.10,19.50,0.00,20.30
2018-08-26,30.80,22.10,0.20,17.00
2018-08-27,31.50,22.40,0.30,16.30
2018-08-28,30.60,21.40,0.00,10.20
2018-08-29,30.40,21.70,0.00,19.40
2018-08-30,25.60,19.90,8.00,9.40
2018-08-31,29.10,18.70,0.00,12.50
2018-09-01,28.40,19.30,1.10,16.00
2018-09-02,28.50,20.00,10.40,15.80
2018-09-03,29.50,19.20,0.00,28.70
2018-09-04,30.90,17.90,0.00,18.70
2018-09-05,31.00,18.00,0.00,19.60
2018-09-06,25.90,18.70,0.00,35.30
2018-09-07,27.50,17.80,0.00,21.10
2018-09-08,26.00,14.10,0.00,15.20
2018-09-09,27.50,13.60,0.00,16.30
2018-09-10,28.20,14.50,0.00,18.40
2018-09-11,27.50,17.80,0.10,21.20
2018-09-12,28.30,16.10,0.00,17.50
2018-09-13,28.20,16.50,0.00,13.50
2018-09-14,29.00,19.40,0.00,14.50
2018-09-15,24.80,18.10,0.00,28.80
2018-09-16,25.70,16.00,0.00,18.00
2018-09-17,25.40,12.40,0.20,12.60
2018-09-18,23.80,16.00,0.00,12.30
2018-09-19,22.00,14.20,0.00,9.00
2018-09-20,25.80,13.60,0.00,16.90
2018-09-21,25.20,14.20,0.00,24.60
2018-09-22,23.50,12.30,0.00,23.70
2018-09-23,23.60,9.30,0.00,31.40
2018-09-24,22.80,10.30,0.00,12.80
2018-09-25,23.20,9.60,0.00,15.50
2018-09-26,23.70,14.40,0.00,10.50
2018-09-27,21.60,11.90,6.90,16.40
2018-09-28,24.40,10.30,0.20,23.40
2018-09-29,20.40,10.50,0.00,31.80
2018-09-30,19.20,6.70,0.50,33.20
2018-10-01,25.00,12.20,0.00,32.80
2018-10-02,24.50,11.60,0.00,15.80
2018-10-03,25.10,10.90,0.00,12.70
2018-10-04,25.60,10.10,0.00,11.30
2018-10-05,25.00,11.10,0.00,21.40
2018-10-06,19.90,11.40,0.00,30.60
2018-10-07,21.30,6.60,0.00,16.20
2018-10-08,20.90,8.40,0.00,21.70
2018-10-09,15.60,7.30,0.00,29.00
2018-10-10,16.20,3.00,0.00,18.10
2018-10-11,16.90,3.50,0.00,16.60
2018-10-12,19.20,5.60,0.00,12.40
2018-10-13,20.00,5.70,0.00,11.90
2018-10-14,20.60,7.60,0.00,10.90
2018-10-15,17.40,11.20,4.80,15.50
2018-10-16,18.70,9.10,3.40,17.80
2018-10-17,16.50,6.00,0.00,14.70
2018-10-18,17.00,4.10,0.00,11.40
2018-10-19,18.20,4.80,0.00,11.20
2018-10-20,18.30,4.20,0.00,13.70
2018-10-21,17.70,5.70,0.00,9.00
2018-10-22,19.10,5.70,0.10,11.80
2018-10-23,19.20,4.80,0.00,17.50
2018-10-24,20.40,5.60,0.00,11.30
2018-10-25,17.00,6.40,0.70,35.60
2018-10-26,12.20,5.50,0.00,36.80
2018-10-27,18.50,1.40,0.00,24.30
2018-10-28,17.50,5.20,0.00,33.90
2018-10-29,15.00,2.90,0.00,21.30
2018-10-30,16.00,3.80,0.00,15.20
2018-10-31,15.10,1.50,0.00,13.40
2018-11-01,16.70,3.10,0.00,11.10
2018-11-02,17.40,2.70,0.00,11.70
2018-11-03,17.50,3.60,0.00,15.20
2018-11-04,10.40,5.70,5.50,24.80
2018-11-05,9.60,0.60,0.00,10.40
2018-11-06,9.90,2.10,0.00,17.10
2018-11-07,11.40,-0.50,0.00,11.20
2018-11-08,12.80,3.00,0.00,14.30
2018-11-09,14.40,1.60,0.00,22.40
2018-11-10,10.90,-0.80,0.00,11.40
2018-11-11,14.10,2.50,0.00,12.00
2018-11-12,13.90,1.40,0.00,11.00
2018-11-13,13.50,1.60,0.00,11.30
2018-11-14,14.00,3.50,0.00,9.70
2018-11-15,9.40,3.40,0.90,25.60
2018-11-16,7.90,-1.00,0.00,20.00
2018-11-17,9.80,-0.20,0.00,9.90
2018-11-18,10.30,-2.40,0.00,28.80
2018-11-19,8.60,-2.70,0.00,10.70
2018-11-20,9.90,-0.60,0.00,18.30
2018-11-21,7.30,-0.80,0.00,15.90
2018-11-22,7.80,-4.50,0.00,11.50
2018-11-23,7.30,-2.80,0.00,13.30
2018-11-24,9.40,-2.70,0.00,14.20
2018-11-25,10.70,-2.40,0.00,11.60
2018-11-26,8.40,-3.10,0.00,13.80
2018-11-27,9.20,-0.90,0.00,26.80
2018-11-28,6.80,-4.50,0.00,11.10
2018-11-29,6.40,-3.50,0.00,12.20
2018-11-30,6.80,-4.20,0.00,10.50
2018-12-01,7.00,-3.70,0.30,11.90
2018-12-02,9.10,2.20,1.00,8.00
2018-12-03,7.10,-0.80,0.00,25.90
2018-12-04,3.20,-5.40,0.00,24.30
2018-12-05,2.20,-6.50,0.00,11.20
2018-12-06,-1.60,-8.30,0.00,23.30
2018-12-07,-5.30,-9.80,0.00,26.00
2018-12-08,-1.60,-10.30,0.00,17.10
2018-12-09,-1.40,-9.60,0.00,10.70
2018-12-10,-0.50,-10.40,0.00,8.40
2018-12-11,-2.00,-7.20,0.00,28.60
2018-12-12,0.20,-8.20,0.00,16.40
2018-12-13,3.30,-5.80,0.00,17.10
2018-12-14,2.70,-8.90,0.00,13.00
2018-12-15,1.40,-8.50,0.00,10.20
2018-12-16,7.20,-6.40,0.00,13.00
2018-12-17,7.10,-3.00,0.00,12.20
2018-12-18,7.40,-3.90,0.00,26.60
2018-12-19,7.70,-3.90,0.00,17.40
2018-12-20,5.80,-4.80,0.00,9.70
2018-12-21,8.00,-4.40,0.00,12.40
2018-12-22,7.20,-2.10,0.00,19.70
2018-12-23,-0.60,-6.90,0.00,25.90
2018-12-24,0.40,-8.50,0.00,10.00
2018-12-25,2.60,-7.20,0.00,22.00
2018-12-26,-3.10,-8.10,0.00,25.30
2018-12-27,-7.00,-11.80,0.00,27.40
2018-12-28,-3.70,-13.60,0.00,17.80
2018-12-29,-2.00,-11.60,0.00,16.00
2018-12-30,-3.50,-11.10,0.00,12.10
2018-12-31,-2.50,-10.60,0.00,9.10
2019-01-01,0.20,-10.80,0.00,15.40
2019-01-02,-0.30,-10.10,0.00,10.80
2019-01-03,0.70,-9.10,0.00,11.20
2019-01-04,1.90,-6.20,0.00,26.80
2019-01-05,-0.30,-8.10,0.00,18.10
2019-01-06,0.90,-9.80,0.00,11.30
2019-01-07,1.90,-7.80,0.00,18.20
2019-01-08,0.90,-6.90,0.00,19.50
2019-01-09,1.80,-10.10,0.00,15.90
2019-01-10,4.60,-9.00,0.00,13.80
2019-01-11,4.70,-4.40,0.00,9.70
2019-01-12,4.90,-7.20,0.00,14.60
2019-01-13,5.70,-5.20,0.00,18.80
2019-01-14,4.80,-8.40,0.00,31.30
2019-01-15,-1.60,-8.10,0.00,37.40
2019-01-16,1.20,-10.60,0.00,15.30
2019-01-17,4.80,-6.30,0.00,14.20
2019-01-18,6.90,-5.90,0.00,15.60
2019-01-19,4.70,-2.90,0.00,22.80
2019-01-20,4.60,-4.60,0.00,24.10
2019-01-21,8.10,-5.30,0.00,17.60
2019-01-22,10.20,-2.00,0.00,19.00
2019-01-23,8.90,-3.00,0.00,14.90
2019-01-24,5.40,-4.80,0.00,14.10
2019-01-25,4.80,-3.20,0.00,25.60
2019-01-26,3.50,-5.90,0.00,17.80
2019-01-27,8.50,-4.40,0.00,27.80
2019-01-28,5.80,-3.70,0.00,15.50
2019-01-29,5.10,-5.10,0.00,11.10
2019-01-30,3.00,-3.20,0.00,27.00
2019-01-31,1.50,-7.40,0.00,19.10
2019-02-01,4.40,-7.60,0.00,12.40
2019-02-02,1.90,-5.50,0.10,10.40
2019-02-03,8.60,-4.60,0.00,25.80
2019-02-04,3.70,-6.40,0.00,12.20
2019-02-05,4.00,-5.30,0.00,12.50
2019-02-06,-0.60,-5.90,0.00,23.80
2019-02-07,-2.80,-10.90,0.00,26.90
2019-02-08,-1.50,-7.90,0.00,27.40
2019-02-09,-1.70,-8.50,0.00,28.50
2019-02-10,-1.00,-8.70,0.00,15.00
2019-02-11,2.70,-9.90,0.00,20.90
2019-02-12,-2.10,-7.10,0.60,16.50
2019-02-13,-0.20,-8.40,0.00,16.60
2019-02-14,-1.60,-6.10,0.90,17.00
2019-02-15,1.30,-7.60,0.00,29.50
2019-02-16,3.10,-8.10,0.00,19.90
2019-02-17,4.70,-7.20,0.00,17.30
2019-02-18,4.10,-4.60,0.00,8.60
2019-02-19,7.20,-2.80,0.20,15.30
2019-02-20,7.60,-4.20,0.00,16.10
2019-02-21,10.10,-4.40,0.00,12.90
2019-02-22,10.80,-2.90,0.00,10.60
2019-02-23,12.10,-3.30,0.00,14.10
2019-02-24,12.40,-2.20,0.00,17.20
2019-02-25,10.90,-1.50,0.00,12.20
2019-02-26,10.40,-2.50,0.00,12.70
2019-02-27,11.90,-4.00,0.00,14.50
2019-02-28,13.90,-2.30,0.00,13.20
2019-03-01,14.80,0.00,0.00,13.90
2019-03-02,16.50,0.60,0.00,21.60
2019-03-03,15.90,-0.30,0.00,17.40
2019-03-04,16.90,0.50,0.00,13.40
2019-03-05,17.00,1.00,0.00,27.70
2019-03-06,10.60,0.70,0.00,32.90
2019-03-07,13.00,-3.70,0.00,15.50
2019-03-08,13.90,-0.90,0.00,19.50
2019-03-09,13.90,2.50,0.00,12.70
2019-03-10,12.90,1.50,2.30,17.20
2019-03-11,16.10,-1.80,0.00,35.10
2019-03-12,11.10,-2.00,0.00,28.10
2019-03-13,16.60,-0.80,0.00,25.60
2019-03-14,15.80,-0.30,0.20,29.00
2019-03-15,14.80,2.50,0.00,26.80
2019-03-16,20.00,0.00,0.00,29.00
2019-03-17,20.50,1.40,0.00,26.10
2019-03-18,21.60,4.80,0.00,14.00
2019-03-19,25.20,4.00,0.00,21.80
2019-03-20,21.00,10.90,3.00,29.10
2019-03-21,12.60,4.00,0.00,29.50
2019-03-22,14.70,-2.70,0.00,29.30
2019-03-23,12.70,0.70,0.00,25.80
2019-03-24,20.80,-0.40,0.00,22.60
2019-03-25,21.40,2.30,0.00,27.20
2019-03-26,18.90,4.60,0.00,14.50
2019-03-27,21.10,3.60,0.10,25.90
2019-03-28,10.30,2.50,0.20,16.60
2019-03-29,14.30,0.60,0.90,32.30
2019-03-30,11.60,2.30,0.00,30.80
2019-03-31,15.90,-1.20,0.00,26.80
2019-04-01,15.90,1.00,0.00,14.50
2019-04-02,18.10,1.70,0.00,19.50
2019-04-03,20.40,1.10,0.00,21.10
2019-04-04,30.50,5.30,0.00,30.40
2019-04-05,22.30,8.20,0.00,30.50
2019-04-06,20.20,6.30,0.00,19.90
2019-04-07,19.80,4.80,0.00,18.40
2019-04-08,17.20,4.30,0.00,19.80
2019-04-09,11.10,5.60,2.00,16.20
2019-04-10,17.80,2.20,0.00,17.90
2019-04-11,18.10,8.60,0.00,21.60
2019-04-12,22.50,6.10,0.00,30.50
2019-04-13,21.60,7.20,0.60,20.50
2019-04-14,23.50,5.20,0.00,31.00
2019-04-15,26.50,7.40,0.00,29.10
2019-04-16,26.60,11.60,0.00,20.40
2019-04-17,29.10,14.10,0.00,21.50
2019-04-18,23.70,12.20,0.00,32.20
2019-04-19,20.10,10.90,1.10,18.80
2019-04-20,12.20,9.50,1.80,8.60
2019-04-21,23.00,7.70,0.00,23.70
2019-04-22,26.80,7.60,0.00,26.90
2019-04-23,28.90,14.60,0.00,20.10
2019-04-24,19.10,6.40,13.80,27.00
2019-04-25,16.90,5.50,4.60,19.60
2019-04-26,19.00,8.80,1.90,21.00
2019-04-27,13.00,6.60,5.30,26.60
2019-04-28,17.70,5.40,0.00,19.90
2019-04-29,22.60,9.60,0.00,20.60
2019-04-30,24.30,10.80,0.00,38.60
2019-05-01,28.10,11.50,0.00,22.50
2019-05-02,29.90,9.40,0.00,21.20
2019-05-03,29.00,13.40,0.00,24.70
2019-05-04,28.40,16.60,0.00,23.20
2019-05-05,22.60,15.40,0.00,36.00
2019-05-06,24.90,8.10,0.00,27.10
2019-05-07,28.20,9.90,0.00,25.20
2019-05-08,25.80,14.60,0.00,26.90
2019-05-09,30.40,13.40,0.00,17.80
2019-05-10,30.00,14.80,0.00,22.30
2019-05-11,28.70,15.60,0.00,19.50
2019-05-12,24.80,14.90,0.90,29.30
2019-05-13,24.60,8.40,0.00,30.60
2019-05-14,28.20,10.20,0.00,17.70
2019-05-15,30.20,15.70,0.00,25.40
2019-05-16,33.40,16.20,0.00,26.30
2019-05-17,32.60,18.60,1.40,25.20
2019-05-18,26.50,18.20,1.10,18.60
2019-05-19,24.50,13.90,7.70,37.70
2019-05-20,25.90,11.40,0.00,37.30
2019-05-21,30.90,11.20,0.00,23.40
2019-05-22,34.70,13.40,0.00,20.40
2019-05-23,37.10,18.10,0.00,17.10
2019-05-24,34.80,17.60,0.00,27.70
2019-05-25,34.70,19.60,0.00,19.50
2019-05-26,25.10,19.70,11.10,35.00
2019-05-27,27.80,17.00,0.00,28.90
2019-05-28,31.80,11.90,0.00,27.30
2019-05-29,32.70,17.80,0.00,27.50
2019-05-30,31.00,20.90,0.00,28.80
2019-05-31,30.80,15.50,0.00,25.20
2019-06-01,28.60,18.80,0.00,31.40
2019-06-02,33.20,16.50,0.00,14.20
2019-06-03,32.80,19.00,0.00,23.10
2019-06-04,28.50,18.80,0.60,17.70
2019-06-05,30.10,18.50,0.00,23.00
2019-06-06,25.10,19.20,12.00,14.50
2019-06-07,30.00,17.40,0.00,20.40
2019-06-08,33.10,17.80,0.10,31.30
2019-06-09,32.00,21.40,0.00,27.30
2019-06-10,33.50,17.80,0.00,17.80
2019-06-11,32.80,17.80,0.00,19.60
2019-06-12,33.80,20.20,0.00,13.60
2019-06-13,31.40,23.00,3.10,18.40
2019-06-14,35.50,20.30,0.00,19.20
2019-06-15,32.00,19.80,0.00,23.00
2019-06-16,23.40,18.10,9.30,14.90
2019-06-17,28.10,18.20,0.00,13.60
2019-06-18,32.20,18.40,0.00,11.40
2019-06-19,32.30,21.60,0.10,17.00
2019-06-20,35.20,22.40,0.00,9.90
2019-06-21,30.00,23.70,0.10,13.50
2019-06-22,35.00,20.90,0.00,18.60
2019-06-23,35.30,23.20,0.00,18.20
2019-06-24,37.90,21.80,0.00,27.10
2019-06-25,35.70,24.60,0.00,23.80
2019-06-26,35.50,23.50,0.00,23.20
2019-06-27,36.20,23.00,0.00,13.00
2019-06-28,33.10,24.00,8.70,20.70
2019-06-29,34.30,22.30,0.00,30.10
2019-06-30,34.00,23.20,0.00,29.30
2019-07-01,34.30,20.40,0.00,15.40
2019-07-02,34.50,22.50,0.10,13.80
2019-07-03,37.00,20.90,0.00,19.10
2019-07-04,38.80,24.50,0.00,23.30
2019-07-05,33.00,23.00,22.00,18.00
2019-07-06,27.30,20.50,8.10,26.00
2019-07-07,27.80,19.10,7.10,19.00
2019-07-08,29.30,19.10,0.00,8.00
2019-07-09,25.80,21.10,1.10,15.00
2019-07-10,27.50,20.00,7.60,10.10
2019-07-11,29.60,19.00,0.20,8.90
2019-07-12,33.00,20.00,0.00,8.70
2019-07-13,32.50,22.00,1.30,13.00
2019-07-14,32.20,22.90,0.00,15.30
2019-07-15,33.40,22.50,0.00,17.10
2019-07-16,33.20,23.70,0.40,14.40
2019-07-17,28.00,23.00,23.80,9.90
2019-07-18,31.60,22.80,0.40,13.40
2019-07-19,31.80,24.00,0.10,12.70
2019-07-20,29.60,24.30,2.50,12.20
2019-07-21,36.20,24.10,0.00,14.90
2019-07-22,31.60,26.40,14.50,8.60
2019-07-23,33.30,24.50,47.90,15.50
2019-07-24,34.80,24.30,0.00,12.20
2019-07-25,34.40,25.90,0.00,20.40
2019-07-26,34.80,24.40,0.00,14.70
2019-07-27,35.80,25.40,0.00,18.00
2019-07-28,35.00,25.90,1.90,12.80
2019-07-29,29.00,21.90,48.20,28.70
2019-07-30,31.70,20.00,0.00,15.40
2019-07-31,33.80,23.00,0.00,10.00
2019-08-01,31.00,24.80,14.10,12.60
2019-08-02,27.00,22.90,3.50,15.50
2019-08-03,29.50,21.10,0.50,8.60
2019-08-04,29.30,23.80,10.90,10.70
2019-08-05,29.10,22.40,13.20,10.90
2019-08-06,29.50,22.40,6.20,11.20
2019-08-07,29.00,22.90,3.30,10.20
2019-08-08,30.70,22.70,0.20,8.90
2019-08-09,30.30,24.10,11.60,11.20
2019-08-10,26.40,22.70,19.80,12.30
2019-08-11,25.40,22.50,7.10,17.30
2019-08-12,28.60,22.90,11.70,26.70
2019-08-13,30.90,22.10,1.00,22.70
2019-08-14,31.30,21.70,0.00,9.80
2019-08-15,31.50,20.70,5.50,13.90
2019-08-16,29.50,21.20,1.60,29.60
2019-08-17,30.90,19.90,0.00,19.10
2019-08-18,30.30,17.70,0.00,12.10
2019-08-19,30.40,19.80,0.00,16.70
2019-08-20,25.00,20.20,6.70,19.50
2019-08-21,30.80,17.30,0.00,24.10
2019-08-22,30.60,18.20,0.00,17.50
2019-08-23,30.50,18.10,0.00,14.50
2019-08-24,31.30,19.10,0.00,18.30
2019-08-25,30.50,17.60,0.00,19.00
2019-08-26,27.80,20.00,0.00,12.80
2019-08-27,33.30,17.50,0.00,22.70
2019-08-28,31.00,18.40,0.00,33.60
2019-08-29,30.50,18.50,0.00,29.00
2019-08-30,30.50,19.80,0.00,22.30
2019-08-31,32.00,17.50,0.00,14.50
2019-09-01,33.00,19.10,0.00,16.80
2019-09-02,34.20,18.00,0.00,17.20
2019-09-03,33.80,19.10,0.00,13.30
2019-09-04,32.20,19.70,0.00,12.10
2019-09-05,33.20,19.10,0.00,13.60
2019-09-06,33.90,19.90,0.00,9.70
2019-09-07,35.30,20.00,0.00,18.50
2019-09-08,36.10,22.10,0.00,13.00
2019-09-09,34.00,20.80,3.40,29.60
2019-09-10,23.00,19.40,29.30,17.30
2019-09-11,25.00,19.00,0.00,9.80
2019-09-12,25.00,18.80,2.90,10.80
2019-09-13,27.50,19.10,12.10,21.40
2019-09-14,28.60,17.60,0.00,11.90
2019-09-15,27.20,15.10,0.00,12.70
2019-09-16,26.40,14.70,0.00,14.40
2019-09-17,28.00,15.40,0.00,24.20
2019-09-18,25.10,13.40,0.00,26.50
2019-09-19,27.00,12.90,0.00,23.70
2019-09-20,28.10,14.40,0.00,9.70
2019-09-21,27.40,15.50,0.00,12.00
2019-09-22,27.40,16.20,0.00,8.70
2019-09-23,30.90,16.50,0.00,13.00
2019-09-24,31.20,19.10,0.00,18.40
2019-09-25,31.00,14.50,0.00,11.50
2019-09-26,30.50,15.80,0.00,10.90
2019-09-27,29.40,14.20,0.00,14.20
2019-09-28,30.00,14.90,0.00,10.30
2019-09-29,31.20,16.50,0.00,10.20
2019-09-30,31.10,16.00,0.00,14.90
2019-10-01,31.00,18.40,0.00,19.50
2019-10-02,30.50,16.40,0.00,10.50
2019-10-03,31.50,18.30,0.00,21.80
2019-10-04,20.90,11.70,12.70,24.70
2019-10-05,18.00,8.60,0.00,12.20
2019-10-06,17.60,8.60,0.00,14.80
2019-10-07,22.90,8.30,0.00,27.80
2019-10-08,20.40,9.90,0.00,24.90
2019-10-09,22.50,9.10,0.00,23.20
2019-10-10,21.00,12.40,0.00,18.80
2019-10-11,20.00,12.20,0.00,10.50
2019-10-12,18.00,13.60,0.10,10.30
2019-10-13,14.60,6.60,4.70,14.00
2019-10-14,14.20,3.50,0.00,18.20
2019-10-15,15.90,3.80,0.00,13.30
2019-10-16,15.20,7.00,0.00,15.20
2019-10-17,13.90,7.90,2.10,7.40
2019-10-18,18.00,6.10,0.00,9.70
2019-10-19,19.50,7.00,0.00,12.60
2019-10-20,21.40,9.10,0.00,20.90
2019-10-21,18.60,5.90,0.00,11.90
2019-10-22,19.70,5.90,0.00,9.60
2019-10-23,21.00,8.50,0.00,10.50
2019-10-24,15.40,7.90,3.00,25.30
2019-10-25,13.30,3.70,0.00,21.60
2019-10-26,15.40,2.20,0.00,20.00
2019-10-27,17.10,3.00,0.00,12.50
2019-10-28,14.10,4.40,0.00,36.80
2019-10-29,15.60,2.00,0.00,12.90
2019-10-30,19.40,3.30,0.00,14.70
2019-10-31,23.40,6.40,0.00,14.80
2019-11-01,17.70,6.30,0.00,11.30
2019-11-02,15.10,9.10,0.80,13.70
2019-11-03,13.60,6.20,1.20,16.10
2019-11-04,15.90,3.30,0.00,9.60
2019-11-05,16.00,5.40,0.00,16.90
2019-11-06,14.60,7.90,0.00,9.70
2019-11-07,11.20,3.50,0.00,17.40
2019-11-08,14.40,0.40,0.00,10.50
2019-11-09,13.90,2.80,2.10,9.60
2019-11-10,16.50,7.80,14.00,30.30
2019-11-11,16.50,3.70,0.00,12.00
2019-11-12,15.60,6.90,0.00,15.00
2019-11-13,14.90,-0.70,0.00,35.50
2019-11-14,5.50,-2.80,0.00,9.20
2019-11-15,8.50,-2.10,0.00,12.40
2019-11-16,9.60,4.60,0.00,9.10
2019-11-17,10.10,-1.40,0.00,48.20
2019-11-18,3.90,-4.70,0.00,29.50
2019-11-19,6.40,-4.20,0.00,18.70
2019-11-20,5.90,-4.90,0.00,11.70
2019-11-21,6.10,-1.30,0.20,8.20
2019-11-22,10.40,-1.50,0.00,8.90
2019-11-23,13.40,4.70,0.00,24.40
2019-11-24,9.10,-3.20,0.00,26.30
2019-11-25,1.70,-5.60,0.00,17.70
2019-11-26,4.20,-5.90,0.00,14.80
2019-11-27,3.30,-5.70,0.00,19.90
2019-11-28,1.40,-6.80,0.00,9.00
2019-11-29,3.50,-4.90,0.60,10.50
2019-11-30,6.40,-4.50,0.90,24.60
2019-12-01,3.30,-3.50,0.00,21.70
2019-12-02,4.80,-6.00,0.00,20.60
2019-12-03,8.90,-5.40,0.00,11.00
2019-12-04,9.20,-3.20,0.00,16.00
2019-12-05,1.80,-5.80,0.00,17.10
2019-12-06,2.20,-7.50,0.00,17.70
2019-12-07,4.30,-5.20,0.00,15.10
2019-12-08,3.00,-6.20,0.00,9.90
2019-12-09,6.30,-7.40,0.00,9.50
2019-12-10,8.90,-5.70,0.00,32.70
2019-12-11,2.70,-5.80,0.00,28.00
2019-12-12,3.50,-6.80,0.00,14.50
2019-12-13,9.20,-5.10,0.00,21.50
2019-12-14,4.20,-4.80,0.00,11.20
2019-12-15,3.70,-5.00,0.10,8.10
2019-12-16,2.30,-2.00,4.90,17.10
2019-12-17,4.30,-3.40,0.00,27.70
2019-12-18,0.40,-6.80,0.00,14.10
2019-12-19,0.50,-5.80,0.00,25.00
2019-12-20,0.90,-7.60,0.00,13.50
2019-12-21,2.80,-8.70,0.00,9.00
2019-12-22,3.80,-6.20,0.00,17.00
2019-12-23,0.90,-5.00,0.00,15.90
2019-12-24,1.80,-4.00,0.00,18.10
2019-12-25,4.80,-5.10,0.00,18.80
2019-12-26,3.30,-5.30,0.00,16.10
2019-12-27,2.80,-6.50,0.00,11.60
2019-12-28,3.40,-5.50,0.00,11.10
2019-12-29,6.40,-5.40,0.00,28.50
2019-12-30,-3.90,-9.60,0.00,37.90
2019-12-31,-3.50,-12.20,0.00,17.60
2020-01-01,-0.70,-10.60,0.00,7.90
2020-01-02,2.30,-9.80,0.00,10.60
2020-01-03,5.90,-6.80,0.00,10.80
2020-01-04,7.00,-4.80,0.00,16.00
2020-01-05,3.10,-5.40,1.80,7.60
2020-01-06,4.70,-3.30,1.30,19.20
2020-01-07,4.60,-1.40,0.00,25.00
2020-01-08,3.70,-4.80,0.00,23.90
2020-01-09,1.90,-6.40,0.00,10.60
2020-01-10,5.80,-5.30,0.00,17.50
2020-01-11,0.10,-4.70,0.00,24.90
2020-01-12,2.10,-5.90,0.00,18.50
2020-01-13,1.10,-6.80,0.00,17.80
2020-01-14,-0.20,-7.20,0.00,16.30
2020-01-15,1.40,-9.60,0.00,11.00
2020-01-16,1.80,-7.30,0.00,14.00
2020-01-17,3.00,-6.50,0.00,11.30
2020-01-18,2.50,-6.20,0.00,20.20
2020-01-19,4.40,-6.10,0.00,20.20
2020-01-20,4.10,-3.50,0.00,17.70
2020-01-21,3.80,-5.40,0.00,10.70
2020-01-22,5.00,-5.00,0.00,10.80
2020-01-23,6.90,-5.40,0.00,19.20
2020-01-24,4.10,-5.80,0.00,14.40
2020-01-25,4.60,-6.20,0.00,11.40
2020-01-26,3.60,-6.20,0.00,10.30
2020-01-27,4.30,-3.30,0.00,7.30
2020-01-28,5.80,-3.00,0.00,8.10
2020-01-29,7.20,-2.50,0.00,10.50
2020-01-30,5.40,-5.10,0.00,15.70
2020-01-31,9.10,-5.60,0.00,15.20
2020-02-01,4.60,-4.20,0.10,21.60
2020-02-02,4.80,-2.60,1.40,24.00
2020-02-03,2.60,-6.30,0.00,21.90
2020-02-04,1.40,-5.30,0.00,22.70
2020-02-05,-4.70,-8.40,0.30,20.20
2020-02-06,-2.70,-7.90,1.60,11.60
2020-02-07,3.20,-8.20,0.00,10.40
2020-02-08,6.90,-5.10,0.00,13.10
2020-02-09,9.90,-5.50,0.00,14.70
2020-02-10,11.30,-3.30,0.00,11.90
2020-02-11,10.60,-3.30,0.00,9.70
2020-02-12,11.40,-2.20,0.00,13.30
2020-02-13,10.60,-1.50,1.90,12.90
2020-02-14,6.80,-3.50,15.80,27.60
2020-02-15,1.50,-6.00,0.00,30.90
2020-02-16,4.30,-3.90,0.00,32.40
2020-02-17,9.40,-4.50,0.00,19.80
2020-02-18,11.10,-3.50,0.00,11.60
2020-02-19,9.60,-3.30,0.00,12.50
2020-02-20,7.80,-3.40,0.00,9.40
2020-02-21,10.40,-3.50,0.20,18.90
2020-02-22,9.80,-2.50,0.00,18.20
2020-02-23,9.50,-3.20,0.00,13.00
2020-02-24,11.60,-0.60,0.20,15.50
2020-02-25,9.80,0.90,0.00,10.60
2020-02-26,8.90,-2.70,0.00,14.10
2020-02-27,7.20,-0.70,0.00,22.60
2020-02-28,9.60,-3.30,0.00,9.00
2020-02-29,4.70,-0.60,0.40,10.10
2020-03-01,10.80,-2.00,0.00,29.00
2020-03-02,11.40,-4.60,3.10,31.40
2020-03-03,8.40,-2.60,0.00,31.50
2020-03-04,7.20,-4.20,0.00,24.50
2020-03-05,8.90,-3.50,0.00,22.10
2020-03-06,11.10,-2.50,1.20,14.00
2020-03-07,14.40,0.80,0.00,16.00
2020-03-08,9.20,0.10,2.00,12.20
2020-03-09,12.90,3.50,3.80,18.40
2020-03-10,11.10,-3.30,0.00,24.70
2020-03-11,14.60,-4.60,0.00,12.60
2020-03-12,14.40,2.30,0.00,24.10
2020-03-13,11.50,-2.90,0.00,23.20
2020-03-14,15.10,-3.00,0.00,29.00
2020-03-15,17.10,2.30,0.00,20.10
2020-03-16,14.00,-2.00,0.00,21.70
2020-03-17,20.20,0.60,0.00,21.30
2020-03-18,24.50,3.70,0.00,54.30
2020-03-19,17.40,4.20,0.00,33.50
2020-03-20,24.50,2.80,0.00,23.40
2020-03-21,18.30,6.80,0.00,16.60
2020-03-22,21.20,2.80,0.00,27.20
2020-03-23,22.70,5.80,0.00,24.90
2020-03-24,19.10,4.30,0.00,16.30
2020-03-25,23.00,8.40,0.30,18.80
2020-03-26,15.40,4.30,4.70,37.90
2020-03-27,13.90,-1.10,0.00,29.30
2020-03-28,13.70,-2.40,0.00,19.00
2020-03-29,17.30,0.10,0.00,17.90
2020-03-30,19.50,3.50,0.00,23.60
2020-03-31,20.50,7.40,0.20,24.00
2020-04-01,14.90,5.60,0.00,25.60
2020-04-02,20.20,2.70,0.00,21.80
2020-04-03,24.10,5.80,0.00,23.50
2020-04-04,17.20,7.90,0.00,25.10
2020-04-05,18.50,3.40,0.00,13.50
2020-04-06,23.90,5.90,0.00,16.10
2020-04-07,18.00,8.40,0.00,18.90
2020-04-08,17.40,3.50,0.40,20.90
2020-04-09,13.40,6.60,0.00,11.70
2020-04-10,16.90,4.80,0.00,15.00
2020-04-11,22.60,5.20,0.00,25.70
2020-04-12,23.90,10.00,0.00,25.30
2020-04-13,26.50,5.80,0.00,14.70
2020-04-14,26.20,9.60,0.00,17.20
2020-04-15,25.20,11.70,0.40,17.30
2020-04-16,20.20,10.90,7.10,30.00
2020-04-17,22.50,11.40,0.00,32.80
2020-04-18,21.60,8.10,0.00,13.70
2020-04-19,22.60,11.60,1.10,28.90
2020-04-20,15.60,6.80,0.00,36.40
2020-04-21,12.60,4.10,0.00,37.80
2020-04-22,15.70,1.50,0.00,29.60
2020-04-23,18.80,5.40,0.00,25.50
2020-04-24,29.60,5.50,0.00,28.30
2020-04-25,22.50,11.90,0.00,29.80
2020-04-26,21.70,7.80,0.00,15.30
2020-04-27,24.20,6.70,0.00,18.50
2020-04-28,29.30,10.80,0.00,27.20
2020-04-29,29.60,16.20,0.00,28.80
2020-04-30,33.50,14.60,0.00,20.70
2020-05-01,34.80,17.10,0.00,18.90
2020-05-02,33.20,20.50,0.00,23.30
2020-05-03,27.90,18.00,0.00,17.40
2020-05-04,19.80,11.90,0.20,21.30
2020-05-05,26.60,9.30,0.00,23.80
2020-05-06,26.90,13.10,0.00,22.60
2020-05-07,23.20,13.90,3.80,21.20
2020-05-08,18.00,12.30,10.80,16.60
2020-05-09,20.70,9.90,0.00,19.90
2020-05-10,24.20,10.40,0.00,41.80
2020-05-11,28.00,13.50,0.00,25.90
2020-05-12,27.00,10.90,0.00,28.70
2020-05-13,29.80,12.10,0.00,27.10
2020-05-14,30.40,17.20,0.00,25.70
2020-05-15,23.40,15.60,0.00,16.10
2020-05-16,26.20,14.90,0.30,19.60
2020-05-17,22.00,11.40,0.00,21.70
2020-05-18,27.40,13.90,0.00,30.30
2020-05-19,30.10,15.20,0.00,24.20
2020-05-20,28.60,14.60,0.00,14.20
2020-05-21,24.40,15.00,6.10,17.90
2020-05-22,30.90,14.50,0.00,17.60
2020-05-23,27.80,16.50,1.40,29.80
2020-05-24,29.40,17.50,0.00,22.40
2020-05-25,24.10,16.50,0.50,19.50
2020-05-26,27.80,15.60,0.00,22.40
2020-05-27,29.90,14.90,0.00,23.20
2020-05-28,32.80,13.60,0.00,17.20
2020-05-29,32.20,16.80,0.00,12.60
2020-05-30,31.50,17.40,0.00,26.50
2020-05-31,27.90,17.20,4.90,28.00
2020-06-01,30.30,13.30,0.10,30.40
2020-06-02,33.00,14.10,0.00,21.40
2020-06-03,34.50,19.00,0.00,27.00
2020-06-04,31.50,19.50,0.00,20.40
2020-06-05,30.60,17.00,0.00,22.10
2020-06-06,31.50,16.10,0.00,17.90
2020-06-07,36.60,18.20,0.00,24.20
2020-06-08,37.80,24.50,0.00,29.80
2020-06-09,31.00,21.80,0.10,20.20
2020-06-10,34.80,20.10,1.50,15.90
2020-06-11,32.50,21.60,0.00,21.10
2020-06-12,34.30,21.50,0.00,14.00
2020-06-13,33.50,22.20,0.00,19.90
2020-06-14,35.50,22.00,0.00,28.30
2020-06-15,37.70,21.20,0.00,21.10
2020-06-16,36.50,21.60,0.00,29.70
2020-06-17,29.80,24.40,0.00,30.40
2020-06-18,33.30,21.50,0.90,26.20
2020-06-19,33.70,20.50,0.00,24.20
2020-06-20,33.30,23.10,0.00,19.60
2020-06-21,36.10,25.40,0.00,25.90
2020-06-22,34.00,26.00,0.00,25.70
2020-06-23,32.80,23.60,0.00,22.00
2020-06-24,33.70,21.10,3.20,20.80
2020-06-25,26.10,19.40,22.80,18.10
2020-06-26,27.20,17.80,0.00,9.00
2020-06-27,31.10,20.70,0.00,10.90
2020-06-28,30.70,21.20,0.90,11.10
2020-06-29,29.60,21.90,0.60,7.40
2020-06-30,33.00,20.80,0.00,18.20
2020-07-01,32.50,21.80,1.50,24.90
2020-07-02,29.00,21.90,2.80,14.30
2020-07-03,25.70,20.50,16.40,11.50
2020-07-04,29.50,19.60,0.00,17.70
2020-07-05,30.00,21.50,0.10,12.50
2020-07-06,31.50,20.30,0.00,8.90
2020-07-07,32.10,21.80,0.00,18.90
2020-07-08,32.80,19.40,0.00,16.20
2020-07-09,24.90,18.70,12.40,16.20
2020-07-10,26.10,18.00,0.20,8.10
2020-07-11,28.40,20.50,0.60,8.60
2020-07-12,27.00,21.90,9.70,10.80
2020-07-13,28.60,20.30,1.00,8.20
2020-07-14,30.80,20.30,0.00,13.00
2020-07-15,32.80,20.50,0.00,16.40
2020-07-16,32.60,22.20,0.00,21.80
2020-07-17,30.50,21.40,6.50,19.20
2020-07-18,28.40,20.80,1.40,11.20
2020-07-19,31.70,20.70,0.10,13.00
2020-07-20,33.70,20.00,0.00,15.30
2020-07-21,34.40,24.20,0.00,21.60
2020-07-22,34.00,22.00,0.10,17.00
2020-07-23,34.30,20.50,0.00,8.60
2020-07-24,37.20,22.00,0.00,16.40
2020-07-25,36.00,23.00,0.00,22.00
2020-07-26,28.90,21.50,4.60,20.20
2020-07-27,28.80,21.50,30.10,16.80
2020-07-28,30.00,21.00,1.80,18.30
2020-07-29,32.30,21.80,0.10,13.80
2020-07-30,34.50,23.40,0.00,19.20
2020-07-31,33.50,25.60,5.50,13.50
2020-08-01,32.70,24.70,0.30,13.00
2020-08-02,34.20,24.00,0.00,19.60
2020-08-03,36.00,24.00,0.30,11.30
2020-08-04,36.50,24.20,0.00,12.80
2020-08-05,31.00,24.40,14.40,13.40
2020-08-06,31.00,22.20,0.20,11.00
2020-08-07,31.80,23.20,0.10,10.70
2020-08-08,31.80,21.40,0.00,13.40
2020-08-09,33.20,22.90,0.00,18.40
2020-08-10,33.00,22.30,2.30,15.00
2020-08-11,36.20,23.10,0.00,16.90
2020-08-12,30.50,23.00,68.00,25.50
2020-08-13,30.40,23.40,63.20,20.00
2020-08-14,32.20,22.60,0.00,14.30
2020-08-15,30.20,22.60,0.10,15.90
2020-08-16,25.90,21.60,6.00,10.10
2020-08-17,28.70,22.00,2.60,13.00
2020-08-18,26.50,22.50,9.60,23.20
2020-08-19,23.80,20.50,0.60,9.40
2020-08-20,24.90,18.70,0.50,9.30
2020-08-21,26.60,16.80,0.00,12.40
2020-08-22,27.10,17.20,0.00,19.70
2020-08-23,28.30,19.30,11.20,14.50
2020-08-24,32.30,20.50,39.80,25.70
2020-08-25,32.00,19.90,0.00,8.90
2020-08-26,28.80,22.00,0.00,12.10
2020-08-27,30.10,20.80,0.10,9.80
2020-08-28,29.40,19.50,0.00,12.70
2020-08-29,29.90,21.00,0.50,10.30
2020-08-30,30.10,22.90,1.00,16.30
2020-08-31,25.30,19.60,4.50,19.50
2020-09-01,31.30,16.90,0.70,8.70
2020-09-02,28.50,19.50,0.00,20.90
2020-09-03,27.10,18.20,0.00,25.00
2020-09-04,29.20,13.80,0.00,17.40
2020-09-05,29.70,17.00,0.00,16.90
2020-09-06,30.10,18.90,0.00,10.40
2020-09-07,31.00,19.10,0.30,16.20
2020-09-08,30.40,19.80,0.00,22.20
2020-09-09,30.90,18.20,0.00,20.20
2020-09-10,26.00,18.00,0.20,26.60
2020-09-11,26.00,19.30,0.10,25.60
2020-09-12,26.60,18.50,1.00,14.40
2020-09-13,26.20,17.50,1.60,14.80
2020-09-14,24.80,19.50,6.60,10.60
2020-09-15,22.90,16.80,17.50,11.60
2020-09-16,25.40,16.50,0.00,33.60
2020-09-17,26.60,15.40,0.00,22.80
2020-09-18,26.50,12.90,0.00,22.30
2020-09-19,27.00,12.60,0.00,11.70
2020-09-20,25.90,13.80,0.00,15.30
2020-09-21,27.00,15.10,0.00,12.10
2020-09-22,25.80,16.30,1.30,18.70
2020-09-23,18.50,15.70,13.50,11.00
2020-09-24,22.00,14.80,0.10,8.00
2020-09-25,24.80,13.40,0.00,9.40
2020-09-26,25.40,12.90,0.00,12.60
2020-09-27,25.80,13.10,0.00,16.30
2020-09-28,25.90,13.90,1.50,15.70
2020-09-29,18.50,11.80,16.20,23.20
2020-09-30,20.60,8.90,0.10,16.00
2020-10-01,21.10,13.30,4.90,16.50
2020-10-02,20.50,9.60,0.00,26.90
2020-10-03,21.40,7.90,0.00,28.10
2020-10-04,17.60,8.40,0.00,32.70
2020-10-05,18.20,6.30,0.00,18.60
2020-10-06,19.80,6.20,0.00,13.00
2020-10-07,21.50,9.90,0.00,11.50
2020-10-08,20.00,7.90,0.00,14.20
2020-10-09,21.70,10.90,0.00,11.50
2020-10-10,22.70,10.40,0.00,15.10
2020-10-11,19.00,11.60,0.00,26.30
2020-10-12,17.50,5.70,0.00,19.20
2020-10-13,20.40,6.30,0.00,24.10
2020-10-14,15.20,8.60,0.00,21.70
2020-10-15,17.90,5.70,0.30,12.30
2020-10-16,18.50,9.40,0.00,20.90
2020-10-17,20.90,4.80,0.00,14.50
2020-10-18,20.90,7.20,0.00,14.60
2020-10-19,20.90,7.70,0.00,11.50
2020-10-20,18.20,7.30,0.00,13.10
2020-10-21,15.90,6.70,0.10,30.20
2020-10-22,14.90,3.50,0.00,23.90
2020-10-23,16.30,2.50,0.00,21.60
2020-10-24,18.00,3.00,0.00,13.20
2020-10-25,18.10,5.80,0.00,10.70
2020-10-26,23.20,7.40,0.00,20.30
2020-10-27,16.90,6.60,0.00,24.10
2020-10-28,17.40,5.50,0.00,14.70
2020-10-29,16.60,5.50,0.00,10.20
2020-10-30,17.20,4.10,0.00,16.20
2020-10-31,18.80,8.40,0.10,25.70
2020-11-01,16.60,6.60,0.00,26.40
2020-11-02,11.60,2.80,0.00,28.70
2020-11-03,12.60,0.70,0.00,16.80
2020-11-04,12.60,-0.80,0.00,10.20
2020-11-05,15.60,1.80,0.00,9.40
2020-11-06,18.00,3.50,0.00,19.60
2020-11-07,18.30,5.80,0.00,29.30
2020-11-08,12.90,1.10,0.00,22.00
2020-11-09,14.40,2.00,0.00,16.90
2020-11-10,15.00,2.00,0.00,11.90
2020-11-11,15.10,2.20,0.00,10.70
2020-11-12,19.00,4.60,0.00,23.00
2020-11-13,14.60,2.70,0.00,12.00
2020-11-14,13.90,4.80,0.10,9.00
2020-11-15,14.60,2.60,0.00,10.00
2020-11-16,12.40,4.60,0.20,12.20
2020-11-17,11.10,7.60,1.50,11.90
2020-11-18,11.10,6.80,21.40,21.30
2020-11-19,7.60,3.30,0.00,21.00
2020-11-20,6.80,0.20,0.00,18.20
2020-11-21,2.80,-0.30,5.30,12.90
2020-11-22,4.10,-3.50,0.00,18.00
2020-11-23,5.20,-4.40,0.00,12.20
2020-11-24,5.50,-2.50,0.00,10.20
2020-11-25,7.40,-4.10,0.00,16.80
2020-11-26,5.20,-3.30,0.00,9.20
2020-11-27,5.50,-3.20,0.00,18.60
2020-11-28,2.20,-5.10,0.00,14.20
2020-11-29,5.20,-5.90,0.00,14.00
2020-11-30,2.20,-4.00,0.00,15.10
2020-12-01,2.60,-5.70,0.00,10.20
2020-12-02,3.40,-4.50,0.00,17.50
2020-12-03,3.80,-5.50,0.00,17.00
2020-12-04,3.30,-5.70,0.00,20.20
2020-12-05,3.30,-6.10,0.00,12.50
2020-12-06,6.10,-4.80,0.00,20.10
2020-12-07,0.40,-6.20,0.00,17.90
2020-12-08,0.90,-7.80,0.00,13.00
2020-12-09,3.30,-6.50,0.00,10.70
2020-12-10,5.10,-5.70,0.00,14.50
2020-12-11,4.40,-3.30,0.00,15.30
2020-12-12,3.50,-6.10,0.80,21.60
2020-12-13,-1.20,-8.00,0.00,26.30
2020-12-14,-1.80,-9.10,0.00,12.00
2020-12-15,-1.80,-10.60,0.00,14.80
2020-12-16,0.10,-7.70,0.00,14.80
2020-12-17,3.80,-7.60,0.00,14.80
2020-12-18,0.20,-7.50,0.00,21.60
2020-12-19,0.90,-10.10,0.00,13.60
2020-12-20,3.80,-5.70,0.00,14.30
2020-12-21,3.50,-6.60,0.00,11.90
2020-12-22,4.30,-5.90,0.00,11.20
2020-12-23,5.90,-4.90,0.00,28.80
2020-12-24,3.30,-5.20,0.00,25.90
2020-12-25,4.90,-6.20,0.00,10.70
2020-12-26,2.30,-5.90,0.00,9.40
2020-12-27,4.80,-5.30,0.00,10.50
2020-12-28,0.80,-4.60,0.00,31.70
2020-12-29,-5.20,-13.00,0.00,30.80
2020-12-30,-6.10,-13.60,0.00,15.70
2020-12-31,0.30,-12.50,0.00,12.90
2021-01-01,-0.20,-8.80,0.00,12.60
2021-01-02,-0.20,-8.80,0.00,17.50
2021-01-03,-2.20,-10.30,0.00,14.00
2021-01-04,-1.20,-7.80,0.00,20.10
2021-01-05,-3.50,-10.10,0.00,18.30
2021-01-06,-6.80,-19.80,0.00,35.90
2021-01-07,-7.50,-20.00,0.00,28.80
2021-01-08,-3.50,-13.50,0.00,21.90
2021-01-09,0.80,-11.90,0.00,14.30
2021-01-10,1.70,-6.30,0.00,15.40
2021-01-11,1.60,-4.80,0.00,20.20
2021-01-12,5.80,-8.00,0.00,20.00
2021-01-13,6.70,-4.90,0.00,14.80
2021-01-14,2.40,-4.90,0.00,15.20
2021-01-15,2.80,-5.10,0.00,23.90
2021-01-16,-0.20,-8.90,0.00,27.50
2021-01-17,2.40,-8.10,0.00,12.30
2021-01-18,3.50,-5.80,0.00,21.70
2021-01-19,-3.90,-8.20,0.00,12.50
2021-01-20,0.70,-8.20,0.00,9.50
2021-01-21,4.90,-7.00,0.00,11.80
2021-01-22,3.90,-5.40,0.00,12.70
2021-01-23,3.10,-6.80,0.20,11.30
2021-01-24,5.10,-5.90,0.00,11.90
2021-01-25,0.90,-4.50,1.80,10.10
2021-01-26,7.20,-6.10,0.00,15.80
2021-01-27,3.30,-5.40,0.10,26.90
2021-01-28,-1.60,-7.60,0.00,29.00
2021-01-29,-0.50,-11.10,0.00,15.40
2021-01-30,6.30,-8.80,0.00,18.10
2021-01-31,2.60,-6.60,0.00,10.30
2021-02-01,3.10,-5.90,0.00,26.00
2021-02-02,1.20,-8.30,0.00,20.50
2021-02-03,6.30,-8.70,0.00,29.60
2021-02-04,7.90,-4.70,0.00,17.60
2021-02-05,12.60,-3.80,0.00,9.40
2021-02-06,13.80,-1.10,0.00,21.10
2021-02-07,6.20,-2.90,0.00,16.60
2021-02-08,6.50,-6.20,0.00,12.20
2021-02-09,7.20,-5.50,0.00,12.00
2021-02-10,12.00,-4.00,0.00,12.90
2021-02-11,10.60,-4.20,0.00,10.90
2021-02-12,13.40,-0.40,0.00,15.60
2021-02-13,7.90,-0.90,0.00,8.60
2021-02-14,3.80,-0.90,1.50,24.70
2021-02-15,4.70,-6.10,0.00,25.90
2021-02-16,0.50,-5.70,0.00,30.10
2021-02-17,3.20,-7.30,0.00,24.30
2021-02-18,6.20,-7.00,0.00,13.10
2021-02-19,13.90,-4.40,0.00,16.30
2021-02-20,17.20,0.00,0.00,11.70
2021-02-21,23.40,0.60,0.00,19.50
2021-02-22,11.40,1.10,0.00,19.70
2021-02-23,4.20,-2.60,0.80,18.20
2021-02-24,5.10,-5.20,0.00,9.30
2021-02-25,8.10,-3.70,0.00,9.40
2021-02-26,9.70,-4.80,0.00,12.00
2021-02-27,11.80,-3.00,0.00,18.60
2021-02-28,7.10,1.30,9.60,17.00
2021-03-01,5.00,-2.00,5.00,15.10
2021-03-02,5.90,-3.40,0.00,12.70
2021-03-03,10.10,-2.40,0.00,9.40
2021-03-04,13.90,0.30,0.00,10.80
2021-03-05,8.90,1.20,0.00,24.00
2021-03-06,2.90,-2.00,0.00,15.50
2021-03-07,7.90,-5.40,0.00,16.30
2021-03-08,10.50,-3.90,0.00,13.40
2021-03-09,15.50,-0.90,0.00,10.70
2021-03-10,16.40,1.00,0.00,20.50
2021-03-11,16.60,5.80,0.00,15.60
2021-03-12,12.10,4.70,2.90,15.50
2021-03-13,15.40,5.20,0.00,11.30
2021-03-14,14.30,5.40,0.10,21.10
2021-03-15,13.80,6.20,0.00,31.20
2021-03-16,14.20,0.90,0.00,29.00
2021-03-17,12.10,2.80,0.00,11.00
2021-03-18,10.60,5.00,0.70,10.70
2021-03-19,11.60,1.50,9.80,15.50
2021-03-20,13.60,1.80,0.10,34.40
2021-03-21,12.70,0.20,0.00,28.00
2021-03-22,18.40,-2.00,0.00,31.40
2021-03-23,20.80,2.20,0.00,16.10
2021-03-24,20.00,7.60,0.00,20.90
2021-03-25,22.00,3.50,0.00,20.90
2021-03-26,13.90,10.40,1.80,10.10
2021-03-27,20.00,9.70,0.00,18.80
2021-03-28,17.90,8.60,0.00,35.00
2021-03-29,18.80,4.90,0.00,16.50
2021-03-30,21.00,4.20,0.00,26.30
2021-03-31,24.50,7.30,0.00,14.50
2021-04-01,18.30,8.60,0.00,14.00
2021-04-02,16.10,11.90,0.40,13.10
2021-04-03,18.20,9.20,0.70,28.60
2021-04-04,19.50,6.80,0.00,16.90
2021-04-05,18.60,6.30,0.00,27.90
2021-04-06,20.90,5.30,0.00,18.20
2021-04-07,20.10,8.30,0.00,22.70
2021-04-08,19.40,3.50,0.00,15.20
2021-04-09,20.10,7.80,0.20,18.90
2021-04-10,21.20,6.80,0.00,26.10
2021-04-11,19.50,11.60,0.00,17.70
2021-04-12,18.00,8.60,0.10,36.00
2021-04-13,16.60,3.50,0.00,25.80
2021-04-14,22.00,3.00,0.00,26.80
2021-04-15,23.20,9.60,0.60,29.50
2021-04-16,17.60,4.10,0.00,32.80
2021-04-17,20.30,6.60,0.00,25.90
2021-04-18,24.60,5.20,0.00,26.10
2021-04-19,28.00,8.60,0.00,21.30
2021-04-20,27.00,13.20,0.00,22.90
2021-04-21,22.60,12.20,0.00,23.50
2021-04-22,16.80,10.60,2.90,13.00
2021-04-23,22.50,8.60,0.00,21.80
2021-04-24,21.50,10.90,0.00,14.10
2021-04-25,21.40,11.60,0.00,18.30
2021-04-26,21.60,11.60,0.10,23.00
2021-04-27,22.10,7.40,0.00,31.90
2021-04-28,23.10,9.40,0.00,24.40
2021-04-29,21.00,8.20,0.00,35.20
2021-04-30,13.90,8.60,0.60,19.40
2021-05-01,20.50,4.30,0.00,33.80
2021-05-02,20.90,5.80,0.00,26.30
2021-05-03,23.30,10.20,0.00,20.50
2021-05-04,23.10,11.60,0.00,37.70
2021-05-05,27.90,9.60,0.00,36.50
2021-05-06,29.00,13.90,0.00,38.80
2021-05-07,27.00,12.90,0.00,38.00
2021-05-08,26.10,16.20,0.00,34.40
2021-05-09,27.00,11.60,0.10,16.60
2021-05-10,25.40,12.20,0.00,21.10
2021-05-11,25.00,9.80,0.00,21.30
2021-05-12,27.10,12.10,0.00,11.80
2021-05-13,25.80,15.10,0.00,12.50
2021-05-14,26.50,15.60,0.20,19.40
2021-05-15,21.00,17.10,0.70,32.80
2021-05-16,25.80,15.80,0.70,28.20
2021-05-17,30.60,10.60,0.00,19.50
2021-05-18,32.20,14.90,0.00,21.20
2021-05-19,30.70,15.60,0.00,23.10
2021-05-20,27.10,18.90,0.00,18.20
2021-05-21,30.60,16.00,0.00,22.60
2021-05-22,32.70,18.10,9.90,31.80
2021-05-23,27.00,14.90,12.10,29.30
2021-05-24,23.00,12.10,0.00,22.20
2021-05-25,27.80,9.40,0.00,23.20
2021-05-26,28.10,13.80,0.00,23.10
2021-05-27,27.00,12.60,0.00,26.30
2021-05-28,29.10,17.60,0.00,33.30
2021-05-29,26.60,15.60,0.00,25.90
2021-05-30,27.20,14.60,0.20,19.50
2021-05-31,22.60,13.40,2.20,10.10
2021-06-01,27.80,12.90,0.00,20.00
2021-06-02,27.10,17.50,0.10,29.40
2021-06-03,28.90,16.90,0.00,24.20
2021-06-04,30.20,14.70,0.00,31.30
2021-06-05,33.40,15.50,0.00,18.90
2021-06-06,33.20,18.00,0.20,19.00
2021-06-07,28.80,19.90,0.10,18.00
2021-06-08,30.80,17.50,0.30,10.50
2021-06-09,25.50,19.60,16.10,14.10
2021-06-10,30.60,18.50,2.10,19.60
2021-06-11,34.70,17.40,0.00,20.00
2021-06-12,36.00,20.40,0.00,19.40
2021-06-13,34.00,22.80,4.60,19.50
2021-06-14,28.40,23.10,1.10,13.50
2021-06-15,31.50,22.20,0.10,20.10
2021-06-16,23.60,19.90,5.10,14.40
2021-06-17,32.70,19.70,0.00,26.60
2021-06-18,33.70,19.50,0.00,25.80
2021-06-19,36.70,19.00,0.00,28.90
2021-06-20,37.00,19.50,0.00,19.80
2021-06-21,35.80,21.20,0.00,21.10
2021-06-22,33.20,21.60,0.00,21.10
2021-06-23,29.00,21.20,0.80,15.60
2021-06-24,29.40,21.20,0.00,18.80
2021-06-25,30.50,21.10,4.00,19.70
2021-06-26,30.90,19.70,2.80,28.80
2021-06-27,32.20,21.20,0.00,13.70
2021-06-28,33.10,22.90,0.30,16.80
2021-06-29,28.60,21.40,6.40,18.20
2021-06-30,32.70,19.00,4.00,24.50
2021-07-01,32.20,19.10,14.90,13.80
2021-07-02,32.50,17.90,2.60,18.40
2021-07-03,26.80,20.00,41.80,16.60
2021-07-04,31.10,19.70,0.10,17.40
2021-07-05,30.90,22.10,9.60,10.20
2021-07-06,28.90,20.80,16.70,10.70
2021-07-07,31.40,21.40,0.00,13.50
2021-07-08,31.70,21.80,0.00,9.20
2021-07-09,31.70,21.50,0.00,10.60
2021-07-10,33.00,23.20,0.00,8.80
2021-07-11,32.80,23.90,2.60,21.80
2021-07-12,27.50,22.90,72.70,29.20
2021-07-13,30.10,23.00,2.60,7.60
2021-07-14,30.40,24.20,2.60,10.60
2021-07-15,31.60,24.30,0.20,11.40
2021-07-16,30.00,24.00,0.30,14.50
2021-07-17,28.60,23.60,12.60,15.90
2021-07-18,26.60,23.00,26.40,8.60
2021-07-19,29.50,22.70,24.10,12.30
2021-07-20,29.80,22.90,5.40,9.80
2021-07-21,27.00,22.20,10.60,10.80
2021-07-22,27.10,21.90,21.10,12.60
2021-07-23,30.60,21.20,0.00,14.80
2021-07-24,31.50,22.50,0.30,15.70
2021-07-25,31.80,24.80,0.50,16.70
2021-07-26,29.90,25.00,3.10,14.20
2021-07-27,26.90,23.40,14.10,12.30
2021-07-28,25.80,23.10,41.40,9.90
2021-07-29,24.90,21.90,21.70,18.10
2021-07-30,28.00,21.80,7.90,21.30
2021-07-31,31.70,20.80,0.00,14.10
2021-08-01,31.50,23.20,0.00,27.40
2021-08-02,30.30,22.20,0.00,14.10
2021-08-03,29.80,22.10,0.90,15.90
2021-08-04,30.90,23.20,8.90,12.20
2021-08-05,29.60,21.50,0.60,13.10
2021-08-06,30.40,20.60,0.00,10.70
2021-08-07,31.50,21.50,0.00,10.60
2021-08-08,31.00,22.00,0.00,15.10
2021-08-09,29.40,22.00,5.30,13.20
2021-08-10,31.10,21.00,0.00,13.80
2021-08-11,29.40,21.20,0.00,13.20
2021-08-12,27.80,22.50,5.50,10.20
2021-08-13,28.50,20.90,1.80,11.20
2021-08-14,26.70,20.90,4.40,13.60
2021-08-15,26.60,20.50,7.10,14.10
2021-08-16,27.60,20.60,5.00,10.20
2021-08-17,28.40,21.20,15.20,10.10
2021-08-18,28.00,18.80,0.40,11.40
2021-08-19,22.90,19.50,23.90,9.90
2021-08-20,27.20,18.10,0.00,10.60
2021-08-21,29.20,19.20,0.00,13.40
2021-08-22,30.10,21.80,0.40,18.80
2021-08-23,28.80,21.60,12.80,18.60
2021-08-24,26.30,19.00,12.70,11.80
2021-08-25,26.60,16.80,0.00,14.70
2021-08-26,27.90,17.10,0.00,17.40
2021-08-27,28.50,16.60,0.00,19.60
2021-08-28,25.50,17.00,0.00,12.60
2021-08-29,27.30,17.50,0.00,10.40
2021-08-30,27.30,18.00,0.00,7.90
2021-08-31,26.50,18.50,0.30,13.50
2021-09-01,28.00,16.50,0.00,14.20
2021-09-02,28.90,17.00,0.00,15.90
2021-09-03,30.00,19.30,0.00,9.00
2021-09-04,24.40,20.60,17.50,11.90
2021-09-05,24.50,19.90,1.00,9.20
2021-09-06,21.50,15.20,52.10,21.30
2021-09-07,26.30,13.60,0.00,15.60
2021-09-08,27.20,16.40,0.00,10.60
2021-09-09,25.90,18.20,0.30,13.60
2021-09-10,27.80,16.80,0.00,15.10
2021-09-11,29.20,19.60,0.00,12.70
2021-09-12,25.40,20.80,20.60,11.60
2021-09-13,27.40,19.60,1.70,10.40
2021-09-14,24.00,18.60,1.10,8.80
2021-09-15,23.90,17.30,0.00,9.70
2021-09-16,23.40,18.40,2.50,10.40
2021-09-17,25.00,15.90,0.00,11.20
2021-09-18,23.40,15.60,0.00,9.50
2021-09-19,19.00,15.70,16.70,13.00
2021-09-20,22.00,15.60,14.60,30.20
2021-09-21,25.80,12.20,0.00,16.40
2021-09-22,26.20,12.10,0.00,10.50
2021-09-23,26.20,15.10,0.10,13.00
2021-09-24,21.00,18.20,32.80,17.40
2021-09-25,23.80,17.60,5.10,13.80
2021-09-26,21.50,18.50,2.70,10.40
2021-09-27,25.50,16.20,0.20,11.70
2021-09-28,24.20,17.10,0.00,21.40
2021-09-29,24.60,16.50,0.00,17.40
2021-09-30,22.80,16.90,0.70,15.00
2021-10-01,21.00,14.00,0.00,16.40
2021-10-02,20.10,16.40,2.40,11.50
2021-10-03,22.50,18.00,13.00,22.60
2021-10-04,18.70,12.30,16.10,22.00
2021-10-05,15.10,12.00,11.30,11.10
2021-10-06,12.90,8.20,13.60,14.50
2021-10-07,17.70,6.20,0.00,9.20
2021-10-08,18.70,7.30,0.00,8.70
2021-10-09,15.10,13.60,4.00,15.80
2021-10-10,16.70,8.60,0.00,23.70
2021-10-11,17.30,5.60,0.00,13.80
2021-10-12,17.80,5.20,0.00,11.20
2021-10-13,18.10,9.60,0.00,9.90
2021-10-14,20.40,12.90,0.00,15.30
2021-10-15,18.60,10.20,0.00,33.80
2021-10-16,10.70,2.00,0.00,29.30
2021-10-17,12.70,0.20,0.00,19.90
2021-10-18,15.70,2.00,0.00,18.20
2021-10-19,11.30,2.70,0.00,17.30
2021-10-20,12.60,0.90,0.00,16.40
2021-10-21,17.50,1.50,0.00,23.80
2021-10-22,15.80,4.20,0.00,14.90
2021-10-23,15.50,3.10,0.00,13.40
2021-10-24,16.20,3.00,0.00,10.70
2021-10-25,16.80,4.90,0.00,10.70
2021-10-26,20.20,7.30,0.00,22.10
2021-10-27,18.20,5.60,0.00,16.70
2021-10-28,16.40,7.30,0.00,11.90
2021-10-29,17.20,5.90,0.50,10.90
2021-10-30,18.20,6.10,0.00,13.40
2021-10-31,15.90,8.00,0.70,23.00
2021-11-01,13.30,5.00,0.70,10.00
2021-11-02,12.40,3.70,0.40,7.90
2021-11-03,14.50,4.30,0.00,10.10
2021-11-04,15.10,5.30,0.00,9.50
2021-11-05,16.50,5.50,1.70,10.20
2021-11-06,13.90,-1.10,8.20,32.90
2021-11-07,1.00,-3.60,12.00,29.20
2021-11-08,4.90,-2.80,0.00,20.90
2021-11-09,9.60,-1.30,0.00,29.30
2021-11-10,13.10,3.00,0.00,27.10
2021-11-11,11.10,0.90,0.00,25.30
2021-11-12,13.20,-0.90,0.00,11.50
2021-11-13,13.80,-0.70,0.00,14.40
2021-11-14,13.10,0.30,0.00,13.80
2021-11-15,8.90,0.60,0.00,13.30
2021-11-16,10.90,-1.20,0.00,12.80
2021-11-17,11.10,0.10,0.00,10.70
2021-11-18,9.70,0.90,0.00,19.10
2021-11-19,8.60,-0.30,0.10,16.70
2021-11-20,8.40,1.40,0.00,10.20
2021-11-21,7.20,-0.20,0.00,36.70
2021-11-22,2.80,-3.50,0.00,25.50
2021-11-23,6.00,-5.30,0.00,13.00
2021-11-24,8.30,-4.30,0.00,9.90
2021-11-25,9.90,-0.90,0.00,18.10
2021-11-26,9.70,-0.40,0.00,21.10
2021-11-27,5.80,-3.80,0.00,8.40
2021-11-28,9.40,-0.40,0.00,10.50
2021-11-29,6.00,-2.00,1.20,18.10
2021-11-30,5.20,-2.00,0.00,31.30
2021-12-01,6.80,-4.40,0.00,15.50
2021-12-02,11.20,-4.00,0.00,17.60
2021-12-03,11.10,-1.70,0.00,16.50
2021-12-04,9.90,-1.20,0.00,12.60
2021-12-05,8.50,-3.30,0.00,10.50
2021-12-06,10.50,0.60,0.00,26.60
2021-12-07,7.20,-3.50,0.00,9.80
2021-12-08,6.20,-3.30,0.40,9.40
2021-12-09,5.00,-2.20,3.00,8.80
2021-12-10,8.90,-2.20,0.00,15.50
2021-12-11,9.40,-2.60,0.00,26.60
2021-12-12,2.70,-4.70,0.00,18.00
2021-12-13,2.70,-6.60,0.00,11.20
2021-12-14,4.70,-6.40,0.00,13.30
2021-12-15,4.00,-4.10,0.00,10.00
2021-12-16,3.70,-4.50,0.00,25.90
2021-12-17,-0.90,-8.00,0.00,19.50
2021-12-18,4.80,-6.80,0.00,20.60
2021-12-19,5.90,-4.50,0.00,11.60
2021-12-20,9.90,-3.90,0.00,11.00
2021-12-21,5.80,-3.00,0.00,12.30
2021-12-22,4.10,-3.00,0.00,11.40
2021-12-23,-0.80,-4.00,0.10,9.70
2021-12-24,-2.40,-9.00,0.00,26.30
2021-12-25,-4.90,-11.10,0.00,26.00
2021-12-26,-1.50,-11.40,0.00,15.80
2021-12-27,3.50,-7.00,0.00,11.30
2021-12-28,3.40,-5.60,0.00,17.40
2021-12-29,4.60,-4.10,0.00,24.50
2021-12-30,4.80,-4.70,0.00,24.00
2021-12-31,2.30,-6.70,0.00,8.20
2022-01-01,6.50,-6.20,0.00,31.10
2022-01-02,0.90,-6.90,0.00,17.10
2022-01-03,4.60,-6.50,0.00,10.50
2022-01-04,2.00,-6.50,0.00,12.30
2022-01-05,2.40,-5.80,0.00,10.30
2022-01-06,3.50,-6.60,0.00,13.40
2022-01-07,4.20,-5.80,0.00,12.30
2022-01-08,7.70,-6.40,0.00,13.40
2022-01-09,0.90,-5.10,0.00,11.90
2022-01-10,1.70,-5.90,0.00,24.70
2022-01-11,-0.70,-8.10,0.00,11.20
2022-01-12,2.30,-7.20,0.00,23.70
2022-01-13,2.50,-6.10,0.00,15.80
2022-01-14,1.50,-7.20,0.00,11.10
2022-01-15,2.60,-6.00,0.00,32.50
2022-01-16,-0.80,-7.50,0.00,16.90
2022-01-17,3.50,-6.60,0.00,16.30
2022-01-18,2.80,-7.10,0.00,9.10
2022-01-19,-0.30,-5.50,0.00,15.50
2022-01-20,-1.70,-5.50,0.20,14.80
2022-01-21,-0.80,-6.20,0.20,10.50
2022-01-22,-0.30,-5.20,1.60,9.00
2022-01-23,0.80,-4.90,0.00,8.40
2022-01-24,1.90,-5.00,0.00,11.20
2022-01-25,5.20,-5.30,0.00,21.20
2022-01-26,1.40,-4.60,0.00,19.10
2022-01-27,2.00,-6.20,0.00,20.00
2022-01-28,1.80,-7.20,0.00,13.80
2022-01-29,3.00,-6.80,0.00,11.40
2022-01-30,4.60,-7.30,0.90,18.90
2022-01-31,1.00,-6.10,0.00,28.50
2022-02-01,0.60,-7.40,0.00,18.60
2022-02-02,2.50,-8.30,0.00,15.60
2022-02-03,2.80,-6.00,0.00,23.30
2022-02-04,0.60,-7.40,0.00,19.90
2022-02-05,4.90,-7.20,0.00,19.40
2022-02-06,6.20,-5.00,0.00,16.80
2022-02-07,3.90,-4.80,0.00,15.70
2022-02-08,6.80,-5.00,0.00,12.20
2022-02-09,6.80,-5.40,0.00,12.40
2022-02-10,8.40,-5.40,0.00,17.30
2022-02-11,7.30,-3.20,0.00,17.40
2022-02-12,1.00,-4.40,0.00,9.50
2022-02-13,-3.70,-5.60,3.10,11.30
2022-02-14,-0.80,-8.60,0.00,23.80
2022-02-15,-2.80,-11.60,0.00,15.30
2022-02-16,-1.90,-11.80,0.00,11.90
2022-02-17,-0.50,-9.90,0.00,17.90
2022-02-18,4.70,-6.10,0.00,25.80
2022-02-19,0.90,-7.80,0.00,26.00
2022-02-20,5.30,-8.10,0.00,20.20
2022-02-21,4.20,-7.40,0.00,20.50
2022-02-22,4.00,-7.20,0.00,14.40
2022-02-23,5.60,-7.10,0.00,11.60
2022-02-24,9.00,-5.50,0.00,12.60
2022-02-25,11.60,-3.80,0.00,14.30
2022-02-26,10.90,-1.10,0.00,25.50
2022-02-27,13.80,-2.80,0.00,13.80
2022-02-28,12.10,-0.80,0.00,39.40
2022-03-01,10.60,-2.20,0.00,26.10
2022-03-02,15.70,-3.80,0.00,15.50
2022-03-03,10.70,-2.60,0.00,12.90
2022-03-04,9.90,-3.20,0.00,41.20
2022-03-05,9.90,-3.80,0.00,19.30
2022-03-06,11.60,-5.20,0.00,18.70
2022-03-07,15.60,-2.80,0.00,12.70
2022-03-08,15.60,-1.90,0.00,11.90
2022-03-09,17.50,1.20,0.00,12.30
2022-03-10,20.00,2.50,0.00,10.00
2022-03-11,14.10,4.60,0.00,17.00
2022-03-12,14.60,4.70,2.10,12.90
2022-03-13,12.80,3.00,0.50,17.80
2022-03-14,18.50,1.70,1.10,17.60
2022-03-15,17.90,1.80,0.00,16.90
2022-03-16,14.10,4.90,0.00,19.00
2022-03-17,4.30,-1.00,1.10,13.40
2022-03-18,3.20,-3.40,2.60,13.90
2022-03-19,7.20,-2.70,0.00,17.60
2022-03-20,11.20,-1.90,0.00,18.10
2022-03-21,13.10,0.60,0.00,17.80
2022-03-22,10.40,-2.30,0.20,20.40
2022-03-23,10.40,-3.00,2.10,9.80
2022-03-24,13.40,0.20,0.30,13.20
2022-03-25,16.50,4.20,0.00,23.40
2022-03-26,20.40,-0.30,0.00,39.00
2022-03-27,15.20,-0.20,0.00,22.90
2022-03-28,17.20,3.20,0.00,25.80
2022-03-29,13.10,7.20,2.50,17.20
2022-03-30,10.80,3.30,2.60,13.40
2022-03-31,13.90,0.00,0.00,35.70
2022-04-01,14.90,-0.50,0.20,17.70
2022-04-02,18.20,2.90,0.00,17.30
2022-04-03,21.40,2.20,0.00,30.30
2022-04-04,22.40,4.80,0.00,19.70
2022-04-05,24.50,8.40,0.00,26.90
2022-04-06,14.50,5.30,0.10,20.50
2022-04-07,24.50,1.20,0.00,18.70
2022-04-08,25.40,5.90,0.00,13.20
2022-04-09,26.60,11.40,0.00,17.30
2022-04-10,27.80,9.90,0.00,11.90
2022-04-11,27.30,13.60,0.50,32.60
2022-04-12,20.50,12.40,0.00,25.60
2022-04-13,19.40,8.10,0.00,25.20
2022-04-14,20.10,5.70,0.00,29.40
2022-04-15,20.60,6.90,0.00,23.60
2022-04-16,24.50,4.60,0.00,25.20
2022-04-17,20.10,7.30,0.00,14.50
2022-04-18,23.20,10.90,0.00,17.30
2022-04-19,27.50,8.20,0.00,28.60
2022-04-20,29.10,11.00,0.00,33.30
2022-04-21,28.60,14.80,0.00,31.60
2022-04-22,22.60,10.90,0.00,29.20
2022-04-23,28.80,10.90,0.00,28.30
2022-04-24,28.00,14.10,0.00,18.70
2022-04-25,29.00,13.60,0.10,18.20
2022-04-26,22.60,14.60,0.00,37.60
2022-04-27,14.80,9.60,1.30,14.40
2022-04-28,16.20,8.10,6.40,14.70
2022-04-29,20.40,5.40,0.00,28.00
2022-04-30,22.70,10.90,0.00,27.10
2022-05-01,25.50,8.20,0.00,29.60
2022-05-02,26.50,10.10,0.00,20.60
2022-05-03,32.90,11.00,0.00,33.20
2022-05-04,34.00,14.90,0.00,33.00
2022-05-05,30.30,18.00,0.00,22.50
2022-05-06,21.60,9.80,10.00,27.40
2022-05-07,18.80,8.40,1.30,26.60
2022-05-08,15.40,9.10,3.30,11.00
2022-05-09,19.80,7.30,0.00,17.60
2022-05-10,19.70,7.30,2.70,17.70
2022-05-11,22.50,8.80,0.00,22.40
2022-05-12,20.20,12.50,1.10,24.80
2022-05-13,23.80,9.30,0.00,23.90
2022-05-14,24.10,8.10,0.00,21.70
2022-05-15,26.40,8.50,0.00,17.60
2022-05-16,29.40,9.90,0.00,23.40
2022-05-17,30.00,12.10,0.00,20.40
2022-05-18,30.10,16.20,0.00,16.60
2022-05-19,30.70,15.50,0.00,15.30
2022-05-20,31.40,16.60,0.00,19.90
2022-05-21,34.30,17.40,0.00,20.90
2022-05-22,34.10,18.00,0.20,16.30
2022-05-23,32.50,18.50,0.00,22.70
2022-05-24,32.60,18.40,0.00,25.50
2022-05-25,29.90,18.20,0.00,24.20
2022-05-26,32.80,14.10,0.00,25.30
2022-05-27,34.70,15.80,0.00,31.40
2022-05-28,36.00,19.90,0.00,31.90
2022-05-29,28.20,21.40,0.30,35.40
2022-05-30,30.80,14.90,0.00,28.20
2022-05-31,31.10,14.90,0.00,14.10
2022-06-01,33.70,15.60,0.00,21.40
2022-06-02,35.70,18.00,0.00,23.80
2022-06-03,36.50,19.50,0.60,21.20
2022-06-04,32.20,22.30,6.70,18.40
2022-06-05,34.20,18.40,0.10,41.40
2022-06-06,28.10,20.00,0.00,29.10
2022-06-07,26.80,15.60,0.90,22.70
2022-06-08,25.90,17.00,0.00,22.10
2022-06-09,28.10,15.00,0.00,20.10
2022-06-10,29.50,17.90,0.20,13.80
2022-06-11,23.60,18.90,30.30,21.70
2022-06-12,27.60,18.60,4.40,18.20
2022-06-13,24.50,17.70,0.90,13.00
2022-06-14,25.20,16.50,0.20,9.80
2022-06-15,27.60,17.10,0.00,12.90
2022-06-16,28.90,18.10,0.30,13.40
2022-06-17,32.50,19.50,0.00,17.20
2022-06-18,32.50,20.90,0.00,16.00
2022-06-19,34.30,21.00,0.00,18.90
2022-06-20,36.80,21.50,0.00,14.40
2022-06-21,35.20,24.20,0.00,33.60
2022-06-22,27.40,22.70,20.20,12.90
2022-06-23,36.20,22.10,0.00,19.40
2022-06-24,37.50,22.40,0.00,18.50
2022-06-25,41.20,21.00,0.00,13.10
2022-06-26,33.50,23.80,21.20,23.30
2022-06-27,27.00,22.10,45.70,21.00
2022-06-28,27.10,21.40,43.00,17.20
2022-06-29,28.40,20.90,20.40,19.20
2022-06-30,28.90,20.70,5.70,13.10
2022-07-01,28.50,21.20,3.40,11.70
2022-07-02,30.90,21.20,1.40,12.60
2022-07-03,27.00,22.30,41.70,11.70
2022-07-04,30.20,21.40,11.90,9.80
2022-07-05,30.50,23.10,18.70,13.20
2022-07-06,28.50,22.50,7.20,16.80
2022-07-07,34.00,19.30,0.00,12.10
2022-07-08,32.70,23.80,0.00,14.70
2022-07-09,34.00,23.50,0.00,15.80
2022-07-10,28.40,20.50,19.00,13.30
2022-07-11,28.00,19.90,0.50,8.80
2022-07-12,27.90,22.50,6.70,19.50
2022-07-13,32.60,20.50,0.00,21.80
2022-07-14,33.70,23.10,0.00,15.90
2022-07-15,35.50,21.90,0.00,16.00
2022-07-16,33.70,23.00,0.00,20.70
2022-07-17,36.40,22.50,0.00,14.80
2022-07-18,35.10,23.50,0.00,20.80
2022-07-19,32.70,21.80,0.00,15.50
2022-07-20,32.40,22.50,0.00,21.70
2022-07-21,32.70,21.50,0.00,8.00
2022-07-22,32.20,23.00,5.00,17.70
2022-07-23,33.20,21.90,3.70,14.80
2022-07-24,35.00,22.70,0.00,17.90
2022-07-25,32.80,24.90,0.00,16.90
2022-07-26,34.70,24.00,0.50,17.80
2022-07-27,27.00,22.50,30.20,13.20
2022-07-28,26.80,21.90,15.10,12.70
2022-07-29,31.50,20.50,0.00,9.90
2022-07-30,31.30,21.10,0.60,13.80
2022-07-31,32.20,23.00,0.20,10.50
2022-08-01,33.70,23.00,0.00,11.40
2022-08-02,33.20,24.90,0.30,16.40
2022-08-03,34.80,26.10,0.00,17.10
2022-08-04,34.80,26.80,0.10,17.80
2022-08-05,36.60,26.00,0.00,10.20
2022-08-06,33.00,26.20,27.00,13.70
2022-08-07,32.30,24.60,22.30,8.70
2022-08-08,28.00,23.00,0.60,18.30
2022-08-09,24.50,18.50,17.90,12.70
2022-08-10,28.70,16.50,0.00,13.90
2022-08-11,30.20,18.40,0.00,13.90
2022-08-12,31.10,22.10,0.20,8.60
2022-08-13,31.70,24.20,0.10,12.80
2022-08-14,28.10,23.80,12.20,16.90
2022-08-15,33.70,23.00,0.00,23.70
2022-08-16,29.40,19.80,0.00,13.00
2022-08-17,29.80,21.20,0.20,18.20
2022-08-18,26.20,22.90,24.40,17.20
2022-08-19,31.40,22.40,0.00,25.40
2022-08-20,29.00,20.00,4.40,21.10
2022-08-21,30.50,22.90,9.90,17.20
2022-08-22,31.10,21.00,35.40,29.70
2022-08-23,26.50,18.00,0.40,14.40
2022-08-24,26.80,17.80,0.00,15.00
2022-08-25,30.00,17.10,0.00,21.10
2022-08-26,26.20,15.90,0.00,25.60
2022-08-27,25.50,13.70,0.00,17.40
2022-08-28,21.90,15.10,0.40,16.00
2022-08-29,24.10,14.80,0.00,12.90
2022-08-30,26.60,15.30,0.00,15.10
2022-08-31,29.90,15.80,0.00,16.30
2022-09-01,26.60,17.40,0.00,14.50
2022-09-02,27.10,14.40,0.00,10.00
2022-09-03,26.70,16.90,1.00,14.60
2022-09-04,27.60,18.50,0.00,15.00
2022-09-05,27.00,18.10,0.00,26.60
2022-09-06,28.10,15.20,0.00,23.40
2022-09-07,30.10,14.10,0.00,15.30
2022-09-08,31.40,15.90,0.00,15.30
2022-09-09,30.50,18.00,0.00,10.20
2022-09-10,30.50,18.80,0.00,11.40
2022-09-11,28.40,18.70,0.00,10.50
2022-09-12,30.20,17.80,0.00,10.50
2022-09-13,30.40,18.60,0.00,12.30
2022-09-14,29.90,19.00,0.00,12.50
2022-09-15,28.70,17.90,0.00,12.70
2022-09-16,29.70,17.50,0.00,14.60
2022-09-17,30.60,18.90,0.00,12.20
2022-09-18,28.40,19.00,0.00,20.70
2022-09-19,24.50,15.50,0.00,20.50
2022-09-20,24.00,14.10,0.00,18.00
2022-09-21,26.20,10.60,0.00,23.00
2022-09-22,25.60,13.10,0.00,40.80
2022-09-23,24.60,12.40,0.00,27.50
2022-09-24,25.80,10.00,0.00,17.10
2022-09-25,25.60,11.10,0.00,12.30
2022-09-26,27.70,13.40,0.00,12.90
2022-09-27,28.10,13.60,0.00,15.30
2022-09-28,28.00,14.10,0.00,14.10
2022-09-29,28.80,14.90,0.00,13.60
2022-09-30,29.50,16.50,0.00,13.30
2022-10-01,25.00,17.80,0.20,12.80
2022-10-02,22.10,18.90,0.90,13.20
2022-10-03,19.10,10.40,8.30,28.80
2022-10-04,15.10,7.60,0.00,24.50
2022-10-05,14.50,4.00,0.00,11.90
2022-10-06,16.40,5.50,0.00,13.70
2022-10-07,18.90,5.20,0.00,13.60
2022-10-08,16.20,9.60,0.00,25.70
2022-10-09,14.80,8.90,0.00,40.10
2022-10-10,17.50,6.10,0.00,20.20
2022-10-11,18.00,3.80,0.00,12.00
2022-10-12,18.10,4.30,0.00,10.40
2022-10-13,19.20,8.10,0.00,8.70
2022-10-14,21.50,10.60,0.00,13.70
2022-10-15,23.20,9.60,0.00,18.70
2022-10-16,17.90,9.10,0.00,24.50
2022-10-17,16.00,3.80,0.00,24.60
2022-10-18,17.00,2.10,0.00,11.30
2022-10-19,19.00,3.00,0.00,12.80
2022-10-20,17.30,6.50,0.00,10.80
2022-10-21,21.00,7.10,0.00,11.80
2022-10-22,20.10,8.90,0.00,25.80
2022-10-23,20.10,5.40,0.00,18.80
2022-10-24,18.20,4.60,0.00,11.90
2022-10-25,19.20,6.20,0.00,12.60
2022-10-26,18.80,8.50,0.00,20.20
2022-10-27,11.40,9.50,0.00,13.00
2022-10-28,13.40,9.30,0.00,8.50
2022-10-29,14.10,9.40,0.00,13.60
2022-10-30,15.80,8.80,2.60,9.00
2022-10-31,16.00,7.10,0.00,24.10
2022-11-01,14.10,2.10,0.00,13.70
2022-11-02,14.10,4.60,0.00,15.00
2022-11-03,11.60,3.30,0.00,17.40
2022-11-04,12.10,1.60,0.00,18.90
2022-11-05,13.80,-0.30,0.00,11.50
2022-11-06,11.60,3.20,0.10,10.70
2022-11-07,15.10,4.30,0.00,22.40
2022-11-08,14.90,0.60,0.00,11.70
2022-11-09,12.40,2.30,0.90,10.80
2022-11-10,16.80,5.20,0.30,14.10
2022-11-11,12.70,10.40,14.70,7.40
2022-11-12,12.80,4.20,5.80,34.70
2022-11-13,7.40,0.60,0.00,18.90
2022-11-14,10.80,-0.80,0.00,9.70
2022-11-15,15.10,-0.90,0.00,13.30
2022-11-16,11.60,0.90,0.00,11.00
2022-11-17,13.40,0.50,0.00,10.60
2022-11-18,10.90,3.30,0.10,12.50
2022-11-19,13.60,4.80,0.00,10.00
2022-11-20,8.30,3.70,0.50,13.00
2022-11-21,10.20,3.20,0.00,19.40
2022-11-22,10.70,0.00,0.00,12.20
2022-11-23,10.60,0.30,0.00,9.20
2022-11-24,8.10,1.60,0.00,8.60
2022-11-25,12.20,2.00,0.70,36.40
2022-11-26,3.00,-4.40,0.00,15.90
2022-11-27,5.90,-2.80,2.10,12.60
2022-11-28,11.90,-1.90,0.00,46.40
2022-11-29,-3.50,-9.10,0.00,40.50
2022-11-30,-1.40,-9.20,0.00,20.20
2022-12-01,-1.20,-8.10,0.00,19.60
2022-12-02,-2.30,-9.10,0.00,12.70
2022-12-03,1.70,-7.80,0.00,24.10
2022-12-04,0.20,-7.70,0.00,16.60
2022-12-05,3.40,-7.10,0.00,16.60
2022-12-06,3.80,-8.20,0.00,11.50
2022-12-07,5.30,-3.90,0.00,16.10
2022-12-08,6.30,-3.80,0.00,17.20
2022-12-09,5.60,-3.50,0.00,11.60
2022-12-10,3.00,-3.30,0.00,28.80
2022-12-11,2.20,-5.30,0.00,15.20
2022-12-12,4.00,-4.90,0.00,16.80
2022-12-13,-1.90,-6.20,0.00,23.70
2022-12-14,-1.40,-8.60,0.00,13.70
2022-12-15,-2.20,-8.50,0.00,31.00
2022-12-16,-2.30,-10.60,0.00,37.10
2022-12-17,-3.20,-12.60,0.00,30.10
2022-12-18,-1.40,-8.90,0.00,9.20
2022-12-19,0.90,-8.90,0.00,13.20
2022-12-20,1.90,-7.70,0.00,28.90
2022-12-21,-0.80,-7.50,0.00,18.60
2022-12-22,-1.90,-7.70,0.00,24.00
2022-12-23,1.10,-9.80,0.00,22.80
2022-12-24,1.10,-7.00,0.00,21.00
2022-12-25,0.20,-6.90,0.00,11.50
2022-12-26,1.50,-6.70,0.00,15.30
2022-12-27,0.20,-6.40,0.00,32.00
2022-12-28,0.60,-7.40,0.00,13.30
2022-12-29,2.60,-6.20,0.00,13.90
2022-12-30,1.90,-9.20,0.00,11.40
2022-12-31,5.80,-8.00,0.00,16.70
2023-01-01,3.30,-5.80,0.00,14.10
2023-01-02,2.60,-6.00,0.00,17.30
2023-01-03,1.20,-8.40,0.00,11.20
2023-01-04,3.30,-8.00,0.00,10.80
2023-01-05,3.40,-7.80,0.00,10.40
2023-01-06,8.10,-7.40,0.00,18.60
2023-01-07,5.20,-4.70,0.00,13.00
2023-01-08,10.50,-4.30,0.00,22.30
2023-01-09,5.80,-3.50,0.00,15.80
2023-01-10,4.80,-4.80,0.00,12.50
2023-01-11,4.20,-5.60,0.00,9.30
2023-01-12,2.40,-2.00,2.90,14.30
2023-01-13,6.70,-2.20,0.00,28.60
2023-01-14,-2.00,-7.80,0.00,30.40
2023-01-15,-0.60,-10.40,0.00,15.00
2023-01-16,-0.50,-10.80,0.00,13.00
2023-01-17,2.70,-6.80,0.00,17.60
2023-01-18,2.80,-7.60,0.00,12.60
2023-01-19,4.10,-6.70,0.00,34.40
2023-01-20,-2.10,-9.10,0.00,19.30
2023-01-21,0.60,-10.10,0.00,11.30
2023-01-22,3.30,-7.80,0.00,13.40
2023-01-23,-3.40,-14.20,0.80,30.70
2023-01-24,-5.30,-14.80,0.00,26.30
2023-01-25,-4.70,-12.90,0.00,12.50
2023-01-26,0.90,-11.90,0.00,18.60
2023-01-27,1.10,-7.90,0.00,20.90
2023-01-28,5.30,-5.90,0.00,18.60
2023-01-29,8.20,-5.40,0.00,18.60
2023-01-30,5.80,-5.50,0.00,10.90
2023-01-31,11.80,-4.20,0.00,28.50
2023-02-01,2.70,-5.20,0.00,30.40
2023-02-02,1.20,-5.60,0.00,10.90
2023-02-03,4.70,-6.40,0.00,12.50
2023-02-04,7.20,-5.10,0.00,17.80
2023-02-05,5.80,-5.40,0.00,11.30
2023-02-06,6.70,-3.80,0.00,11.30
2023-02-07,4.80,-6.20,0.00,9.20
2023-02-08,5.80,-3.90,0.00,12.50
2023-02-09,0.90,-2.70,1.30,10.50
2023-02-10,4.80,-5.20,0.00,13.00
2023-02-11,6.30,-0.70,0.00,10.20
2023-02-12,2.30,-0.90,3.40,14.70
2023-02-13,6.20,-4.60,0.00,22.10
2023-02-14,4.20,-3.50,0.00,18.80
2023-02-15,3.80,-5.70,0.00,15.70
2023-02-16,6.60,-6.10,0.00,9.80
2023-02-17,6.10,-3.80,0.10,11.70
2023-02-18,3.60,-2.40,1.10,16.00
2023-02-19,10.90,-5.10,0.00,17.30
2023-02-20,5.70,-4.30,0.00,14.70
2023-02-21,4.90,-6.00,0.00,14.40
2023-02-22,8.40,-5.10,0.00,15.50
2023-02-23,10.40,-2.50,0.00,12.00
2023-02-24,6.00,-1.40,0.00,17.00
2023-02-25,8.40,-5.80,0.00,14.30
2023-02-26,10.90,-4.70,0.00,18.00
2023-02-27,11.40,-2.80,0.00,14.50
2023-02-28,13.40,0.30,0.00,28.60
2023-03-01,9.30,-2.50,0.00,24.30
2023-03-02,13.80,-3.20,0.00,22.00
2023-03-03,17.80,-1.90,0.00,18.20
2023-03-04,16.10,-1.20,0.00,12.30
2023-03-05,15.80,-0.90,0.00,10.20
2023-03-06,20.00,0.60,0.00,15.00
2023-03-07,20.20,1.80,0.00,18.70
2023-03-08,18.90,5.20,0.00,22.60
2023-03-09,22.30,1.10,0.00,10.60
2023-03-10,25.80,4.20,0.00,29.10
2023-03-11,13.90,5.60,0.90,40.00
2023-03-12,12.10,-1.70,0.00,28.80
2023-03-13,12.60,-2.10,0.00,11.00
2023-03-14,20.00,2.50,0.00,41.40
2023-03-15,10.60,-2.00,0.00,27.60
2023-03-16,11.10,-3.10,0.00,19.20
2023-03-17,11.00,-2.20,0.30,12.10
2023-03-18,15.90,-1.30,0.00,17.40
2023-03-19,16.40,0.00,0.00,23.50
2023-03-20,16.30,2.80,0.00,9.10
2023-03-21,20.10,4.20,1.20,21.50
2023-03-22,16.00,7.40,0.00,29.60
2023-03-23,13.40,3.50,0.00,24.00
2023-03-24,12.50,0.30,0.00,19.10
2023-03-25,13.40,2.80,0.00,22.00
2023-03-26,14.90,-1.00,0.00,23.40
2023-03-27,19.60,2.20,0.00,19.90
2023-03-28,20.60,2.20,0.00,11.30
2023-03-29,25.20,6.80,0.00,20.20
2023-03-30,24.80,7.30,0.00,23.40
2023-03-31,23.50,7.40,0.00,25.00
2023-04-01,23.10,9.00,0.00,20.60
2023-04-02,19.00,11.90,0.00,15.10
2023-04-03,18.40,11.10,0.00,17.60
2023-04-04,13.90,7.30,12.30,25.80
2023-04-05,15.70,7.10,0.70,21.10
2023-04-06,18.00,7.70,0.10,26.10
2023-04-07,15.60,2.20,0.00,30.40
2023-04-08,21.50,1.40,0.00,31.80
2023-04-09,23.50,5.60,0.00,19.30
2023-04-10,27.70,7.20,0.00,34.70
2023-04-11,17.20,9.60,0.00,28.90
2023-04-12,22.80,4.30,0.00,24.50
2023-04-13,25.90,7.90,0.00,14.00
2023-04-14,21.60,11.40,0.00,26.10
2023-04-15,20.40,5.90,0.00,19.20
2023-04-16,21.40,6.30,0.00,24.10
2023-04-17,22.60,8.90,1.90,12.90
2023-04-18,27.40,8.60,0.00,22.30
2023-04-19,27.70,8.90,0.00,27.90
2023-04-20,20.20,14.60,0.10,40.10
2023-04-21,14.80,7.40,0.90,24.90
2023-04-22,15.10,5.90,0.30,17.90
2023-04-23,16.30,6.20,0.00,14.80
2023-04-24,18.10,6.10,0.00,27.60
2023-04-25,20.30,7.70,0.50,37.10
2023-04-26,20.00,4.30,0.30,26.50
2023-04-27,22.10,9.10,3.30,12.90
2023-04-28,23.30,10.90,9.20,29.10
2023-04-29,24.80,8.20,0.00,25.00
2023-04-30,23.40,7.70,0.00,26.80
2023-05-01,27.00,9.90,0.00,21.60
2023-05-02,28.90,12.80,0.80,22.50
2023-05-03,29.00,13.80,0.00,21.60
2023-05-04,19.50,15.80,5.60,15.60
2023-05-05,20.20,15.90,1.40,25.60
2023-05-06,24.20,12.90,0.00,22.10
2023-05-07,25.60,12.50,0.00,19.80
2023-05-08,28.00,11.10,0.00,19.40
2023-05-09,27.50,13.60,0.00,20.60
2023-05-10,29.00,14.40,0.00,19.30
2023-05-11,28.00,14.80,0.00,22.90
2023-05-12,27.30,13.00,1.30,18.00
2023-05-13,28.90,15.10,0.00,17.50
2023-05-14,30.20,15.40,0.00,15.10
2023-05-15,34.80,15.70,0.00,21.80
2023-05-16,34.60,19.50,0.00,21.40
2023-05-17,27.00,18.30,0.00,22.10
2023-05-18,27.40,13.80,0.40,21.60
2023-05-19,25.00,13.80,11.30,16.20
2023-05-20,23.90,15.80,0.00,29.00
2023-05-21,25.80,16.30,0.00,25.00
2023-05-22,28.40,16.50,0.00,21.70
2023-05-23,30.10,13.40,0.00,20.30
2023-05-24,29.10,17.90,0.00,35.10
2023-05-25,27.30,18.10,0.20,21.90
2023-05-26,29.90,15.10,0.00,19.10
2023-05-27,21.60,17.50,10.10,15.60
2023-05-28,28.40,16.00,0.00,15.30
2023-05-29,31.50,18.50,0.00,18.80
2023-05-30,25.20,19.20,0.80,15.10
2023-05-31,25.10,14.90,0.00,20.90
2023-06-01,32.70,14.60,0.00,28.20
2023-06-02,31.00,19.10,0.00,24.90
2023-06-03,32.10,17.20,0.00,15.40
2023-06-04,33.80,19.50,0.00,26.50
2023-06-05,36.30,18.90,0.00,20.90
2023-06-06,36.20,21.20,0.00,27.80
2023-06-07,38.00,21.90,0.00,28.30
2023-06-08,34.80,20.30,0.00,28.30
2023-06-09,33.00,19.50,0.00,25.90
2023-06-10,30.00,18.70,0.00,20.00
2023-06-11,30.20,18.50,0.20,14.90
2023-06-12,31.50,17.80,0.00,23.30
2023-06-13,33.10,19.80,0.00,11.70
2023-06-14,36.00,18.90,0.00,20.60
2023-06-15,38.20,21.30,0.00,17.10
2023-06-16,39.30,23.00,0.00,23.70
2023-06-17,38.20,25.50,0.00,23.40
2023-06-18,35.50,21.90,0.00,17.70
2023-06-19,27.50,20.90,4.90,19.90
2023-06-20,34.50,18.80,0.10,15.10
2023-06-21,39.20,20.00,0.00,27.20
2023-06-22,40.70,22.00,0.00,20.40
2023-06-23,40.70,25.40,0.00,20.80
2023-06-24,40.50,26.00,0.00,29.30
2023-06-25,36.00,24.90,0.00,21.90
2023-06-26,34.80,22.90,4.40,26.40
2023-06-27,38.20,22.50,0.00,20.70
2023-06-28,30.50,24.10,1.60,15.30
2023-06-29,37.00,20.00,0.00,21.00
2023-06-30,40.00,23.10,0.00,21.30
2023-07-01,41.20,24.80,0.00,28.20
2023-07-02,39.30,24.70,0.00,20.10
2023-07-03,35.50,25.20,2.30,18.60
2023-07-04,30.90,22.80,19.40,20.30
2023-07-05,40.00,19.80,0.00,24.50
2023-07-06,41.60,22.50,0.00,27.70
2023-07-07,38.10,24.00,0.00,17.10
2023-07-08,37.20,23.40,0.00,23.30
2023-07-09,37.70,24.70,0.00,18.00
2023-07-10,40.30,25.70,0.30,29.90
2023-07-11,36.50,25.00,10.30,23.40
2023-07-12,24.90,23.80,27.90,16.30
2023-07-13,26.60,23.30,5.40,10.70
2023-07-14,34.20,21.50,0.00,28.80
2023-07-15,32.00,25.10,0.00,29.70
2023-07-16,34.50,21.30,0.00,14.50
2023-07-17,35.00,22.00,0.00,18.50
2023-07-18,35.90,23.40,0.00,18.90
2023-07-19,37.10,23.60,0.00,19.90
2023-07-20,35.80,24.00,0.40,17.60
2023-07-21,27.70,22.00,59.90,22.00
2023-07-22,26.20,21.50,14.60,15.30
2023-07-23,31.90,21.00,0.00,10.50
2023-07-24,33.60,22.60,0.00,18.10
2023-07-25,32.10,23.50,0.00,15.60
2023-07-26,32.90,24.20,1.60,11.90
2023-07-27,32.80,23.90,10.00,16.10
2023-07-28,28.50,23.10,4.50,11.90
2023-07-29,29.00,23.40,26.20,15.00
2023-07-30,25.90,22.90,55.80,38.50
2023-07-31,28.50,23.70,76.60,27.20
2023-08-01,29.70,24.10,43.20,20.60
2023-08-02,32.10,24.90,0.10,23.90
2023-08-03,33.20,26.50,0.00,14.90
2023-08-04,31.60,26.80,14.50,16.40
2023-08-05,33.20,24.20,3.20,20.30
2023-08-06,29.00,23.70,0.70,13.80
2023-08-07,28.80,23.30,0.20,18.90
2023-08-08,31.00,23.20,0.00,12.20
2023-08-09,32.10,24.00,0.60,11.70
2023-08-10,31.40,23.80,1.80,19.50
2023-08-11,29.30,23.40,13.30,13.20
2023-08-12,30.80,24.00,5.00,12.40
2023-08-13,32.30,22.50,0.00,13.10
2023-08-14,32.80,22.50,0.00,14.00
2023-08-15,32.40,23.50,0.00,19.30
2023-08-16,34.10,24.60,4.20,14.80
2023-08-17,31.60,24.10,0.10,11.30
2023-08-18,35.70,24.70,0.00,12.80
2023-08-19,33.60,21.50,0.00,10.90
2023-08-20,30.60,23.10,17.00,13.00
2023-08-21,29.50,22.00,15.60,15.70
2023-08-22,30.10,19.00,0.00,15.70
2023-08-23,29.50,19.10,3.50,20.00
2023-08-24,23.80,18.40,5.10,13.30
2023-08-25,26.80,17.30,0.00,12.10
2023-08-26,26.90,19.70,0.00,15.90
2023-08-27,25.20,20.50,3.30,13.30
2023-08-28,28.50,18.40,0.20,15.50
2023-08-29,28.00,17.90,0.00,16.10
2023-08-30,29.60,17.10,0.00,13.40
2023-08-31,26.90,19.60,1.30,14.80
2023-09-01,29.40,17.60,0.00,11.40
2023-09-02,28.40,19.40,3.00,17.20
2023-09-03,28.80,19.20,0.00,9.70
2023-09-04,30.80,20.60,0.00,8.00
2023-09-05,30.40,21.90,1.10,8.60
2023-09-06,31.00,21.40,0.00,11.90
2023-09-07,31.20,21.60,0.00,18.00
2023-09-08,28.20,22.50,2.40,13.30
2023-09-09,23.00,20.50,64.50,14.10
2023-09-10,25.60,19.70,0.00,9.70
2023-09-11,28.50,18.60,0.00,12.60
2023-09-12,25.80,17.80,0.00,15.50
2023-09-13,26.20,15.60,0.00,13.60
2023-09-14,27.80,15.90,0.00,16.60
2023-09-15,27.90,14.90,0.00,16.90
2023-09-16,28.50,17.00,0.00,10.30
2023-09-17,28.10,18.40,3.30,16.90
2023-09-18,28.00,17.80,0.00,10.10
2023-09-19,24.60,16.20,0.00,17.10
2023-09-20,25.70,13.60,0.00,10.50
2023-09-21,25.70,13.60,0.00,15.90
2023-09-22,26.50,15.50,0.00,22.30
2023-09-23,24.70,15.80,0.00,9.50
2023-09-24,19.40,14.00,0.50,8.80
2023-09-25,22.30,13.30,0.00,9.70
2023-09-26,24.50,14.90,0.00,13.80
2023-09-27,26.70,13.90,0.00,17.30
2023-09-28,23.90,11.80,0.00,14.10
2023-09-29,26.10,12.80,0.00,16.30
2023-09-30,23.90,12.90,0.00,19.70
2023-10-01,23.60,9.60,0.00,11.50
2023-10-02,22.50,10.10,0.00,18.00
2023-10-03,24.50,11.10,0.00,16.60
2023-10-04,23.80,13.20,0.00,27.10
2023-10-05,20.10,7.80,0.00,13.30
2023-10-06,22.00,9.70,0.00,9.80
2023-10-07,21.60,9.10,0.00,16.60
2023-10-08,22.90,12.30,2.80,15.60
2023-10-09,22.90,10.70,0.00,26.90
2023-10-10,21.60,9.90,0.00,10.20
2023-10-11,22.30,9.40,0.00,12.20
2023-10-12,20.40,11.40,2.70,9.20
2023-10-13,21.90,11.40,0.00,16.70
2023-10-14,21.60,8.80,0.00,15.10
2023-10-15,21.70,9.10,0.00,16.30
2023-10-16,19.10,8.00,0.00,14.50
2023-10-17,20.90,7.70,1.10,9.90
2023-10-18,21.50,12.40,4.10,21.00
2023-10-19,18.50,9.60,0.00,24.50
2023-10-20,17.40,5.60,0.00,25.20
2023-10-21,19.60,6.20,0.00,16.40
2023-10-22,20.50,6.00,0.00,10.70
2023-10-23,19.40,6.70,0.00,8.60
2023-10-24,21.80,8.10,0.00,12.00
2023-10-25,24.00,8.50,0.00,13.10
2023-10-26,19.50,8.40,0.00,14.70
2023-10-27,20.10,5.80,0.00,11.00
2023-10-28,20.20,8.10,0.00,11.40
2023-10-29,20.50,9.20,0.00,9.40
2023-10-30,21.50,9.90,0.00,14.90
2023-10-31,20.50,13.10,0.00,11.20
2023-11-01,21.90,10.80,0.00,14.10
2023-11-02,20.20,12.40,0.00,19.70
2023-11-03,16.10,8.50,0.00,23.30
2023-11-04,15.60,8.20,0.00,7.60
2023-11-05,11.40,7.40,7.20,31.60
2023-11-06,8.40,2.00,0.00,31.60
2023-11-07,9.90,0.90,0.00,9.10
2023-11-08,12.50,1.40,0.00,17.00
2023-11-09,6.70,-0.60,0.00,36.10
2023-11-10,3.80,-3.50,0.00,18.30
2023-11-11,5.80,-3.50,0.00,16.30
2023-11-12,6.20,-3.60,0.00,21.90
2023-11-13,6.10,-4.00,0.00,11.70
2023-11-14,9.50,-3.90,0.00,11.90
2023-11-15,7.80,-2.80,0.00,11.30
2023-11-16,10.10,1.50,0.00,33.10
2023-11-17,8.10,-1.50,0.00,27.60
2023-11-18,8.10,-3.80,0.00,12.10
2023-11-19,14.90,-0.20,0.00,23.00
2023-11-20,11.90,-1.40,0.00,10.80
2023-11-21,12.40,0.30,0.00,11.60
2023-11-22,14.90,1.50,0.00,29.60
2023-11-23,6.60,-5.10,0.00,35.30
2023-11-24,-0.90,-7.20,0.00,20.90
2023-11-25,0.90,-6.60,0.00,10.40
2023-11-26,2.00,-6.60,0.00,7.40
2023-11-27,9.40,-5.80,0.00,24.70
2023-11-28,2.00,-5.70,0.00,19.10
2023-11-29,0.90,-5.60,0.00,29.30
2023-11-30,2.50,-5.40,0.00,22.40
2023-12-01,2.20,-6.30,0.00,16.30
2023-12-02,7.70,-4.70,0.00,15.90
2023-12-03,5.80,-4.90,0.00,9.70
2023-12-04,7.20,-4.20,0.00,12.40
2023-12-05,8.40,-3.80,0.00,34.90
2023-12-06,8.90,-1.00,0.00,38.80
2023-12-07,7.50,-4.10,0.00,9.50
2023-12-08,10.30,-1.40,0.00,14.50
2023-12-09,6.80,-2.20,0.00,13.50
2023-12-10,0.80,-1.80,0.30,6.70
2023-12-11,-0.30,-4.40,4.10,8.10
2023-12-12,-1.60,-6.70,0.00,12.40
2023-12-13,-2.20,-3.30,3.10,10.50
2023-12-14,-3.30,-5.90,7.40,15.60
2023-12-15,-5.60,-10.40,0.00,24.70
2023-12-16,-7.60,-13.50,0.00,24.70
2023-12-17,-6.40,-13.90,0.00,13.60
2023-12-18,-5.30,-14.50,0.00,8.80
2023-12-19,-5.60,-12.80,0.00,42.60
2023-12-20,-7.80,-13.80,0.00,28.30
2023-12-21,-5.40,-15.40,0.00,22.30
2023-12-22,-3.80,-11.90,0.00,14.40
2023-12-23,-1.50,-12.10,0.00,13.80
2023-12-24,-1.60,-10.60,0.00,13.90
2023-12-25,0.40,-11.10,0.00,12.90
2023-12-26,3.30,-9.80,0.00,14.70
2023-12-27,1.20,-7.20,0.00,10.10
2023-12-28,3.30,-8.90,0.00,9.70
2023-12-29,1.60,-6.80,0.00,8.60
2023-12-30,1.50,-4.90,0.20,14.80
2023-12-31,3.50,-4.70,0.00,18.80
2024-01-01,0.80,-6.70,0.00,13.30
2024-01-02,2.90,-7.80,0.00,12.60
2024-01-03,2.80,-8.10,0.00,17.30
2024-01-04,4.00,-7.60,0.00,17.40
2024-01-05,4.80,-4.70,0.00,18.80
2024-01-06,2.10,-4.80,0.00,24.30
2024-01-07,-0.80,-7.00,0.00,17.30
2024-01-08,0.20,-7.30,0.00,8.60
2024-01-09,3.70,-5.40,0.00,13.80
2024-01-10,2.50,-6.60,0.00,15.30
2024-01-11,9.10,-5.50,0.00,13.40
2024-01-12,4.90,-5.50,0.00,10.00
2024-01-13,0.40,-5.20,0.00,14.30
2024-01-14,2.50,-5.20,0.00,25.80
2024-01-15,2.30,-7.80,0.00,12.10
2024-01-16,0.90,-8.30,0.00,10.10
2024-01-17,1.70,-4.20,0.00,8.60
2024-01-18,3.50,-4.90,0.00,9.80
2024-01-19,-0.90,-3.10,0.00,10.20
2024-01-20,-0.10,-5.40,0.00,28.20
2024-01-21,-4.90,-10.20,0.00,28.50
2024-01-22,-3.80,-10.90,0.00,24.30
2024-01-23,0.20,-11.80,0.00,18.90
2024-01-24,2.00,-6.70,0.00,18.40
2024-01-25,5.00,-5.40,0.00,17.90
2024-01-26,4.90,-4.20,0.00,16.70
2024-01-27,3.30,-5.30,0.00,17.20
2024-01-28,4.80,-6.40,0.00,11.50
2024-01-29,3.40,-5.60,0.00,13.00
2024-01-30,1.00,-5.90,0.00,9.40
2024-01-31,1.40,-5.80,0.00,24.50
2024-02-01,-2.50,-7.20,0.00,13.60
2024-02-02,-0.60,-8.40,0.00,10.60
2024-02-03,2.20,-7.10,0.00,9.20
2024-02-04,0.40,-7.10,0.00,8.40
2024-02-05,3.70,-4.30,0.00,10.90
2024-02-06,4.70,-5.20,0.00,22.30
2024-02-07,4.50,-5.30,0.00,17.70
2024-02-08,4.90,-5.60,0.00,14.10
2024-02-09,8.20,-5.10,0.00,20.50
2024-02-10,5.30,-5.60,0.00,18.20
2024-02-11,10.10,-4.20,0.00,12.10
2024-02-12,9.40,-4.10,0.00,8.30
2024-02-13,12.40,-2.30,0.00,8.10
2024-02-14,11.20,-0.70,0.00,26.60
2024-02-15,7.80,-4.90,0.00,18.40
2024-02-16,8.20,-4.80,0.00,12.10
2024-02-17,9.60,-2.90,0.00,10.30
2024-02-18,8.60,3.50,1.30,34.60
2024-02-19,4.40,-3.40,0.30,31.60
2024-02-20,-2.70,-5.40,2.90,20.60
2024-02-21,0.80,-5.30,1.70,16.60
2024-02-22,2.80,-5.10,0.00,19.40
2024-02-23,3.00,-6.40,0.00,10.80
2024-02-24,5.40,-4.80,0.00,11.70
2024-02-25,9.00,-4.10,0.00,15.30
2024-02-26,4.70,-4.60,0.00,15.90
2024-02-27,6.70,-4.00,0.00,11.20
2024-02-28,7.10,-1.50,0.00,18.80
2024-02-29,3.80,-4.70,0.00,25.50
2024-03-01,4.80,-7.80,0.00,30.20
2024-03-02,11.80,-4.20,0.00,21.90
2024-03-03,8.70,-3.20,0.00,17.90
2024-03-04,7.80,-4.90,0.00,10.10
2024-03-05,4.10,-0.40,0.90,9.10
2024-03-06,8.40,-2.70,0.00,18.20
2024-03-07,10.50,-4.20,0.00,35.20
2024-03-08,10.50,-1.80,0.00,14.00
2024-03-09,12.60,-3.80,0.00,15.60
2024-03-10,12.50,-1.80,0.00,10.90
2024-03-11,15.20,-0.50,0.00,20.30
2024-03-12,13.80,-1.50,0.00,18.60
2024-03-13,18.50,-0.90,0.00,13.10
2024-03-14,20.40,1.30,0.00,20.60
2024-03-15,21.90,2.80,0.00,19.90
2024-03-16,20.00,7.20,0.20,32.50
2024-03-17,13.60,3.20,0.00,28.50
2024-03-18,16.00,0.20,0.00,33.80
2024-03-19,15.50,0.90,0.00,38.60
2024-03-20,14.60,-2.00,0.00,23.80
2024-03-21,13.40,0.20,1.10,10.30
2024-03-22,22.50,1.00,0.00,25.50
2024-03-23,22.10,5.90,0.00,13.80
2024-03-24,12.20,7.30,3.80,10.10
2024-03-25,18.00,4.70,0.30,13.50
2024-03-26,18.50,3.30,0.00,21.50
2024-03-27,18.60,4.50,1.00,16.60
2024-03-28,16.10,5.10,0.00,30.80
2024-03-29,19.80,3.80,0.00,26.50
2024-03-30,21.80,4.20,0.00,25.30
2024-03-31,20.60,5.10,0.00,13.00
2024-04-01,15.80,5.10,0.00,14.50
2024-04-02,20.50,7.40,0.00,15.20
2024-04-03,20.30,10.40,0.40,26.20
2024-04-04,19.30,7.30,0.10,23.30
2024-04-05,21.20,4.70,0.40,21.60
2024-04-06,27.40,8.20,0.00,22.50
2024-04-07,28.20,10.60,0.00,23.00
2024-04-08,22.10,11.20,0.00,24.30
2024-04-09,17.00,7.30,4.50,21.00
2024-04-10,12.90,6.90,2.70,10.30
2024-04-11,23.50,5.30,0.00,15.60
2024-04-12,27.20,11.60,0.10,16.90
2024-04-13,28.00,13.70,0.00,25.20
2024-04-14,22.00,13.50,0.50,20.40
2024-04-15,23.40,9.20,0.60,33.70
2024-04-16,26.10,8.70,0.00,16.40
2024-04-17,27.80,9.70,0.00,22.90
2024-04-18,30.00,12.40,0.00,24.00
2024-04-19,19.80,14.40,0.00,19.60
2024-04-20,23.10,12.60,0.00,12.80
2024-04-21,25.00,9.20,0.00,18.90
2024-04-22,26.10,10.40,8.00,19.20
2024-04-23,19.50,10.90,9.60,29.30
2024-04-24,25.70,8.20,0.00,20.70
2024-04-25,28.00,10.80,0.00,17.90
2024-04-26,28.00,13.70,0.00,12.90
2024-04-27,23.00,14.80,0.10,28.30
2024-04-28,17.00,11.50,1.40,16.60
2024-04-29,14.20,9.50,4.40,10.00
2024-04-30,25.00,6.40,0.00,20.60
2024-05-01,26.60,8.10,0.00,22.70
2024-05-02,27.10,11.10,0.00,21.40
2024-05-03,27.00,12.00,0.00,24.30
2024-05-04,23.60,13.30,0.00,15.30
2024-05-05,22.00,13.10,1.60,18.20
2024-05-06,26.60,14.40,1.90,20.30
2024-05-07,27.80,14.40,2.70,18.00
2024-05-08,29.90,15.10,0.00,26.70
2024-05-09,29.80,15.20,0.00,22.20
2024-05-10,29.50,17.10,2.90,29.90
2024-05-11,26.00,14.50,0.00,34.20
2024-05-12,29.20,12.80,0.00,23.10
2024-05-13,32.00,12.10,0.00,31.30
2024-05-14,33.00,16.20,0.00,39.60
2024-05-15,27.00,14.40,0.00,30.90
2024-05-16,29.60,12.10,0.00,23.40
2024-05-17,33.30,15.90,0.00,15.40
2024-05-18,33.50,17.70,0.00,21.90
2024-05-19,25.50,19.40,23.70,26.10
2024-05-20,26.40,15.90,0.00,18.50
2024-05-21,27.20,15.80,0.00,13.80
2024-05-22,31.50,16.20,0.00,23.60
2024-05-23,31.90,19.50,0.00,30.30
2024-05-24,21.50,13.90,2.50,12.30
2024-05-25,16.00,12.10,15.10,9.40
2024-05-26,28.40,10.60,0.00,32.30
2024-05-27,29.90,13.40,0.00,21.50
2024-05-28,30.80,14.10,0.00,17.40
2024-05-29,32.80,20.00,0.00,28.80
2024-05-30,33.40,20.00,0.30,28.80
2024-05-31,29.70,19.80,0.00,28.60
2024-06-01,32.20,15.90,0.00,20.10
2024-06-02,32.70,19.40,0.00,20.40
2024-06-03,33.10,18.30,0.00,16.30
2024-06-04,33.20,18.70,0.00,21.70
2024-06-05,30.40,19.60,0.00,27.20
2024-06-06,31.50,20.00,0.00,23.70
2024-06-07,23.70,17.60,5.10,15.90
2024-06-08,32.00,14.50,0.00,18.50
2024-06-09,35.00,18.40,0.00,15.80
2024-06-10,36.00,19.20,0.50,21.30
2024-06-11,36.50,20.70,0.00,12.80
2024-06-12,37.10,21.20,0.00,15.10
2024-06-13,35.50,22.40,8.90,14.60
2024-06-14,35.80,21.60,0.80,30.70
2024-06-15,33.10,20.20,0.00,19.00
2024-06-16,34.80,18.80,0.00,25.90
2024-06-17,37.50,20.60,0.00,22.00
2024-06-18,38.50,23.90,0.00,21.90
2024-06-19,36.30,25.90,0.00,21.70
2024-06-20,36.50,23.60,0.00,24.60
2024-06-21,25.50,22.90,5.90,10.20
2024-06-22,36.30,20.40,0.00,25.50
2024-06-23,31.00,20.20,0.60,31.30
2024-06-24,33.50,19.50,0.00,19.60
2024-06-25,35.10,19.70,0.00,14.40
2024-06-26,36.70,20.80,0.00,23.20
2024-06-27,36.30,26.70,0.00,28.70
2024-06-28,37.30,23.10,0.00,23.80
2024-06-29,34.20,24.20,3.70,16.90
2024-06-30,33.00,22.10,0.20,11.40
2024-07-01,28.20,21.80,16.40,17.10
2024-07-02,22.60,19.10,6.50,17.70
2024-07-03,28.00,16.80,0.00,13.80
2024-07-04,29.50,20.10,0.10,9.70
2024-07-05,31.90,21.20,1.10,11.60
2024-07-06,32.50,22.40,1.00,17.80
2024-07-07,31.10,22.10,0.30,29.90
2024-07-08,31.70,21.70,0.00,12.30
2024-07-09,31.90,23.10,0.50,11.70
2024-07-10,33.50,22.40,0.00,8.90
2024-07-11,35.40,23.10,0.00,13.50
2024-07-12,28.70,23.70,17.20,22.50
2024-07-13,25.90,22.00,17.10,13.10
2024-07-14,30.80,22.10,1.40,12.70
2024-07-15,31.10,21.60,0.50,15.10
2024-07-16,31.00,23.00,3.30,12.00
2024-07-17,34.30,21.20,0.00,19.60
2024-07-18,36.90,21.20,0.00,19.00
2024-07-19,36.70,23.00,5.90,21.70
2024-07-20,35.50,24.50,2.20,19.30
2024-07-21,36.50,27.10,2.80,21.50
2024-07-22,36.30,24.00,9.90,21.40
2024-07-23,37.80,26.50,0.20,18.90
2024-07-24,36.80,26.00,32.00,21.90
2024-07-25,28.00,23.00,34.00,16.20
2024-07-26,32.20,23.40,0.30,11.00
2024-07-27,32.80,24.80,0.30,12.60
2024-07-28,34.20,24.80,0.00,13.60
2024-07-29,34.40,27.00,2.70,19.50
2024-07-30,29.00,24.50,54.50,18.60
2024-07-31,31.60,25.30,3.10,17.00
2024-08-01,32.20,23.90,0.00,8.40
2024-08-02,32.00,23.50,13.50,28.20
2024-08-03,30.60,24.40,12.60,16.30
2024-08-04,31.50,23.90,26.80,12.00
2024-08-05,32.50,24.00,0.00,13.20
2024-08-06,32.40,24.00,0.00,9.50
2024-08-07,29.70,24.30,0.00,12.30
2024-08-08,32.80,23.00,0.00,10.00
2024-08-09,28.90,24.50,87.70,20.80
2024-08-10,31.50,24.00,2.20,10.10
2024-08-11,31.80,22.00,1.20,17.40
2024-08-12,29.10,23.00,0.30,25.90
2024-08-13,29.20,22.50,3.60,15.70
2024-08-14,30.00,21.20,4.80,15.10
2024-08-15,30.50,23.20,2.00,11.20
2024-08-16,30.40,24.00,9.30,8.40
2024-08-17,30.50,23.20,5.50,14.50
2024-08-18,30.10,22.50,11.10,12.70
2024-08-19,28.10,22.10,5.40,14.80
2024-08-20,27.10,21.50,18.20,18.20
2024-08-21,29.60,21.50,0.00,12.50
2024-08-22,33.50,22.70,0.00,15.60
2024-08-23,31.50,22.20,6.10,20.80
2024-08-24,30.90,21.40,0.00,10.20
2024-08-25,29.00,22.20,13.40,14.50
2024-08-26,24.00,20.40,68.10,28.30
2024-08-27,29.30,18.10,0.00,12.60
2024-08-28,29.10,17.30,0.00,8.80
2024-08-29,28.70,17.60,0.00,13.40
2024-08-30,31.80,20.00,0.00,8.60
2024-08-31,30.00,23.00,8.50,20.50
2024-09-01,30.80,21.70,0.10,20.70
2024-09-02,26.80,17.50,0.00,12.30
2024-09-03,26.80,17.80,0.00,18.00
2024-09-04,25.00,19.20,4.50,9.00
2024-09-05,28.50,18.60,0.00,21.30
2024-09-06,28.00,17.50,0.00,10.00
2024-09-07,22.80,18.60,10.10,10.70
2024-09-08,26.00,18.00,0.00,12.80
2024-09-09,26.40,20.90,4.70,9.80
2024-09-10,25.20,17.00,0.10,23.80
2024-09-11,26.90,16.20,0.00,12.00
2024-09-12,27.10,16.50,0.00,9.30
2024-09-13,27.30,17.10,0.00,16.30
2024-09-14,23.50,17.00,0.00,21.30
2024-09-15,23.70,16.20,0.00,7.60
2024-09-16,26.20,16.50,0.00,7.60
2024-09-17,28.50,18.80,0.00,10.00
2024-09-18,28.30,19.80,0.00,10.10
2024-09-19,28.80,19.40,0.00,7.90
2024-09-20,23.80,14.40,13.00,34.00
2024-09-21,22.50,11.40,0.00,26.70
2024-09-22,21.50,12.50,0.00,21.30
2024-09-23,22.50,9.20,0.00,15.70
2024-09-24,24.00,10.90,3.20,16.90
2024-09-25,24.10,14.60,0.00,19.80
2024-09-26,24.20,13.60,0.30,12.90
2024-09-27,25.40,17.10,0.00,15.80
2024-09-28,25.50,18.90,0.20,10.60
2024-09-29,26.50,15.30,11.10,25.00
2024-09-30,20.40,13.00,3.10,27.90
2024-10-01,17.00,10.30,0.00,30.70
2024-10-02,18.00,6.80,0.00,16.10
2024-10-03,21.20,6.90,0.00,17.50
2024-10-04,20.70,9.20,0.00,14.50
2024-10-05,22.00,9.20,0.00,10.10
2024-10-06,19.20,12.90,1.30,15.50
2024-10-07,20.00,10.20,0.00,18.40
2024-10-08,21.40,8.40,0.00,13.20
2024-10-09,20.80,9.90,0.00,9.60
2024-10-10,19.90,10.30,0.00,18.60
2024-10-11,21.10,6.90,0.00,9.40
2024-10-12,23.40,10.40,0.00,10.20
2024-10-13,20.50,12.90,2.80,12.50
2024-10-14,22.10,13.40,0.10,10.60
2024-10-15,19.50,11.80,0.00,21.50
2024-10-16,18.90,9.60,0.00,12.90
2024-10-17,18.40,12.70,7.50,11.40
2024-10-18,17.60,10.90,6.90,28.40
2024-10-19,10.90,3.30,0.00,26.30
2024-10-20,10.40,1.50,0.10,15.50
2024-10-21,12.10,1.10,0.00,11.30
2024-10-22,16.00,5.20,3.50,23.30
2024-10-23,15.90,2.70,0.00,11.40
2024-10-24,18.80,5.70,0.00,10.30
2024-10-25,19.10,6.90,0.00,9.20
2024-10-26,16.60,8.60,0.00,11.10
2024-10-27,17.40,7.90,0.00,19.80
2024-10-28,16.60,3.80,0.00,11.20
2024-10-29,18.40,5.40,0.00,10.20
2024-10-30,15.40,7.40,0.30,11.30
2024-10-31,14.40,8.60,0.70,7.60
2024-11-01,18.80,8.70,0.00,12.30
2024-11-02,17.80,9.40,0.00,9.20
2024-11-03,19.10,7.80,0.00,30.20
2024-11-04,11.30,2.50,0.00,25.60
2024-11-05,13.40,1.80,0.00,12.70
2024-11-06,12.80,1.40,0.00,11.30
2024-11-07,13.60,2.80,0.00,10.10
2024-11-08,14.50,4.60,0.00,10.00
2024-11-09,16.30,4.70,0.00,14.00
2024-11-10,18.50,6.80,0.00,12.60
2024-11-11,13.90,5.40,0.40,8.90
2024-11-12,15.90,6.50,0.00,9.80
2024-11-13,11.10,9.10,8.30,6.70
2024-11-14,16.90,7.80,3.70,5.90
2024-11-15,14.40,6.60,0.00,6.50
2024-11-16,13.60,6.50,0.00,16.30
2024-11-17,9.80,2.80,0.00,11.80
2024-11-18,6.50,0.10,0.00,6.70
2024-11-19,7.80,-0.40,0.00,8.40
2024-11-20,11.40,1.40,0.00,10.80
2024-11-21,14.10,4.10,0.00,12.10
2024-11-22,11.00,1.80,0.00,6.90
2024-11-23,9.60,2.00,0.00,6.70
2024-11-24,9.60,2.20,0.00,6.50
2024-11-25,7.20,-1.00,4.00,18.50
2024-11-26,2.50,-2.50,0.20,21.00
2024-11-27,4.10,-4.40,0.00,20.10
2024-11-28,6.70,0.30,0.00,19.20
2024-11-29,13.40,3.20,0.00,14.70
2024-11-30,13.10,2.70,0.00,7.10
2024-12-01,11.40,2.40,0.00,21.20
2024-12-02,5.30,-2.00,0.00,22.80
2024-12-03,6.80,-2.30,0.00,12.40
2024-12-04,5.40,-1.80,0.00,10.20
2024-12-05,7.40,0.80,0.00,18.90
2024-12-06,5.20,0.20,0.00,15.10
2024-12-07,2.80,-2.20,0.00,13.30
2024-12-08,2.30,-3.50,0.00,7.50
2024-12-09,3.00,-6.40,0.00,8.90
2024-12-10,4.30,-2.60,0.00,8.90
2024-12-11,3.90,-0.60,0.00,8.90
2024-12-12,2.00,-3.40,0.00,10.60
2024-12-13,2.70,-2.20,0.00,15.00
2024-12-14,4.00,-3.20,0.00,13.50
2024-12-15,4.90,-1.10,0.00,9.80
2024-12-16,5.30,-0.20,0.00,11.00
2024-12-17,3.80,-1.70,0.00,16.00
2024-12-18,3.00,-3.30,0.00,15.40
2024-12-19,1.40,-6.70,0.00,9.00
2024-12-20,1.80,-6.90,0.00,18.50
2024-12-21,1.20,-5.10,0.00,14.60
2024-12-22,1.60,-5.60,0.00,8.30
2024-12-23,3.20,-4.80,0.00,8.80
2024-12-24,2.50,-6.40,0.00,7.40
2024-12-25,5.00,-6.30,0.00,20.60
2024-12-26,1.50,-3.80,0.00,17.90
2024-12-27,0.60,-5.40,0.00,17.60
2024-12-28,3.50,-4.40,0.00,9.80
2024-12-29,2.20,-6.10,0.00,7.70
2024-12-30,5.40,-0.60,0.00,19.00
2024-12-31,3.80,-3.80,0.00,8.90
