date,temp_max,temp_min,precipitation,wind_speed
2015-01-01,4.30,-2.20,0.00,22.70
2015-01-02,8.10,-3.60,0.00,9.90
2015-01-03,10.40,0.10,0.00,17.70
2015-01-04,15.90,2.40,0.00,12.70
2015-01-05,19.90,7.10,0.00,19.90
2015-01-06,12.40,2.20,1.50,27.60
2015-01-07,6.90,1.10,0.00,17.30
2015-01-08,7.80,-1.20,0.00,14.40
2015-01-09,10.90,-1.20,0.00,9.80
2015-01-10,13.40,-0.60,0.00,10.20
2015-01-11,14.20,-0.20,0.00,13.70
2015-01-12,8.10,3.00,0.00,19.70
2015-01-13,9.30,5.80,8.80,16.50
2015-01-14,10.40,6.80,23.70,24.50
2015-01-15,9.80,4.90,0.00,17.00
2015-01-16,8.70,3.20,0.00,18.40
2015-01-17,6.20,1.70,0.00,18.60
2015-01-18,10.60,1.20,0.00,20.20
2015-01-19,10.40,1.40,0.00,13.10
2015-01-20,10.50,1.80,2.60,18.20
2015-01-21,15.10,5.90,0.90,19.20
2015-01-22,7.80,2.30,0.00,21.10
2015-01-23,9.10,0.20,0.00,15.30
2015-01-24,14.50,5.10,0.00,22.10
2015-01-25,15.90,9.60,0.00,21.60
2015-01-26,11.60,6.10,0.00,16.50
2015-01-27,6.00,2.70,0.90,26.80
2015-01-28,6.10,2.70,0.00,23.30
2015-01-29,6.20,3.20,7.90,15.50
2015-01-30,5.20,1.00,0.10,19.70
2015-01-31,5.20,0.30,0.00,19.50
2015-02-01,6.30,1.60,0.10,12.30
2015-02-02,7.60,3.50,0.00,12.50
2015-02-03,8.10,3.80,0.20,9.70
2015-02-04,8.40,1.00,0.00,18.00
2015-02-05,5.60,0.10,0.00,23.30
2015-02-06,8.20,-0.90,0.00,9.30
2015-02-07,11.30,-0.60,0.00,8.50
2015-02-08,4.30,-0.50,0.00,26.30
2015-02-09,4.90,-2.20,0.00,12.80
2015-02-10,8.90,-3.30,0.00,11.80
2015-02-11,14.60,0.20,0.00,16.50
2015-02-12,12.90,3.20,0.00,16.10
2015-02-13,11.80,3.50,0.20,16.50
2015-02-14,17.40,5.10,0.00,23.30
2015-02-15,18.60,12.10,4.10,19.80
2015-02-16,14.50,6.30,0.00,20.10
2015-02-17,12.30,3.80,0.00,11.60
2015-02-18,10.60,0.50,0.00,21.20
2015-02-19,9.50,0.80,0.00,15.20
2015-02-20,11.60,4.30,13.60,29.50
2015-02-21,10.60,8.60,8.10,16.90
2015-02-22,11.10,5.40,0.00,15.70
2015-02-23,8.40,2.00,5.00,14.80
2015-02-24,10.10,6.20,1.70,12.90
2015-02-25,9.00,7.10,26.20,16.50
2015-02-26,9.70,6.90,3.00,21.40
2015-02-27,7.10,2.30,15.40,25.30
2015-02-28,6.90,2.30,18.60,21.70
2015-03-01,9.40,1.30,0.00,22.20
2015-03-02,11.10,0.60,0.30,22.90
2015-03-03,15.10,5.10,4.50,26.30
2015-03-04,5.90,3.30,0.00,18.30
2015-03-05,6.10,2.80,1.80,16.00
2015-03-06,8.20,3.80,0.00,11.40
2015-03-07,10.60,3.00,0.00,14.40
2015-03-08,11.20,4.80,8.00,21.70
2015-03-09,12.20,4.00,0.00,25.40
2015-03-10,5.80,1.00,0.00,21.70
2015-03-11,9.40,1.10,0.00,9.90
2015-03-12,14.10,2.30,0.00,19.90
2015-03-13,18.30,5.90,0.00,18.60
2015-03-14,14.10,5.60,2.70,19.60
2015-03-15,12.50,9.60,4.30,16.20
2015-03-16,15.20,9.80,4.80,14.70
2015-03-17,20.10,11.90,0.00,17.90
2015-03-18,18.90,10.40,12.80,18.40
2015-03-19,16.60,9.10,5.80,17.70
2015-03-20,12.10,9.60,6.00,14.80
2015-03-21,19.10,9.10,1.20,12.40
2015-03-22,18.00,7.90,0.00,15.00
2015-03-23,13.90,7.70,0.00,18.30
2015-03-24,13.40,6.40,0.00,17.20
2015-03-25,13.60,6.30,0.00,17.20
2015-03-26,15.00,7.40,2.90,22.30
2015-03-27,13.80,8.20,9.60,14.50
2015-03-28,18.90,6.60,0.00,10.00
2015-03-29,21.50,8.40,0.00,17.60
2015-03-30,15.60,14.00,16.00,26.90
2015-03-31,25.90,14.60,0.00,14.10
2015-04-01,21.50,15.20,0.00,20.00
2015-04-02,27.40,16.60,5.40,24.30
2015-04-03,18.90,11.90,21.30,16.40
2015-04-04,23.50,13.10,0.00,19.60
2015-04-05,15.90,11.60,1.10,21.10
2015-04-06,12.50,9.40,12.00,25.10
2015-04-07,9.20,5.30,8.50,24.00
2015-04-08,11.60,5.20,0.00,20.40
2015-04-09,13.60,3.50,0.00,11.10
2015-04-10,15.60,8.80,0.00,13.80
2015-04-11,16.40,5.60,0.00,13.70
2015-04-12,17.60,9.40,0.10,13.00
2015-04-13,14.10,7.40,0.40,30.90
2015-04-14,15.90,6.80,1.30,34.40
2015-04-15,20.50,9.10,0.00,17.50
2015-04-16,23.50,10.90,0.80,22.70
2015-04-17,17.60,10.20,0.00,26.60
2015-04-18,25.90,15.90,0.00,20.50
2015-04-19,25.60,14.20,3.90,20.20
2015-04-20,16.50,11.10,2.40,24.10
2015-04-21,18.00,7.90,0.00,11.30
2015-04-22,21.90,7.40,0.00,10.50
2015-04-23,22.00,11.40,0.00,16.20
2015-04-24,19.80,12.80,0.00,12.90
2015-04-25,24.30,10.80,0.00,10.60
2015-04-26,23.60,13.60,0.00,19.80
2015-04-27,22.00,14.70,0.20,24.90
2015-04-28,28.50,17.00,0.20,18.90
2015-04-29,21.50,15.20,0.00,21.60
2015-04-30,24.90,13.90,0.00,15.60
2015-05-01,22.20,13.70,0.00,24.50
2015-05-02,21.00,17.10,18.90,25.50
2015-05-03,22.80,15.10,0.00,19.20
2015-05-04,22.80,13.00,0.00,20.30
2015-05-05,20.50,10.70,0.00,16.40
2015-05-06,21.00,14.90,0.30,15.90
2015-05-07,24.20,14.10,0.00,16.10
2015-05-08,22.00,15.90,19.40,25.00
2015-05-09,21.00,15.40,7.30,17.20
2015-05-10,21.00,14.40,0.00,21.50
2015-05-11,24.50,14.10,22.10,29.40
2015-05-12,24.20,12.50,0.00,29.30
2015-05-13,25.90,14.70,0.00,21.70
2015-05-14,24.60,20.10,4.80,20.20
2015-05-15,23.50,19.20,20.80,23.50
2015-05-16,20.50,15.00,0.00,19.60
2015-05-17,21.80,13.40,0.00,18.80
2015-05-18,22.10,18.30,34.60,17.10
2015-05-19,25.20,17.80,0.00,15.40
2015-05-20,24.40,15.00,0.00,22.20
2015-05-21,21.20,13.10,0.00,14.80
2015-05-22,22.40,14.50,0.00,19.90
2015-05-23,22.30,17.40,1.90,14.80
2015-05-24,23.10,17.60,0.10,12.90
2015-05-25,23.90,15.90,0.00,14.10
2015-05-26,23.80,15.80,0.00,18.50
2015-05-27,23.90,19.10,6.30,26.10
2015-05-28,25.60,19.80,0.00,17.50
2015-05-29,23.50,19.60,10.60,20.90
2015-05-30,24.50,18.80,13.10,20.80
2015-05-31,24.10,16.90,0.00,13.60
2015-06-01,25.50,18.20,0.10,21.00
2015-06-02,27.00,21.80,87.00,17.10
2015-06-03,24.10,19.10,27.30,22.80
2015-06-04,24.00,17.40,1.80,14.30
2015-06-05,26.20,18.10,0.00,13.30
2015-06-06,26.30,19.30,0.00,24.50
2015-06-07,23.40,20.40,4.80,21.40
2015-06-08,22.10,21.10,82.00,12.50
2015-06-09,25.40,20.10,2.40,15.10
2015-06-10,24.10,20.30,24.50,16.60
2015-06-11,30.90,22.90,5.60,20.60
2015-06-12,31.80,21.00,0.00,17.40
2015-06-13,30.00,22.50,0.20,18.10
2015-06-14,28.10,22.20,0.00,16.60
2015-06-15,25.50,21.80,16.00,12.40
2015-06-16,22.20,20.90,33.10,17.70
2015-06-17,24.90,21.20,58.00,15.80
2015-06-18,24.10,20.10,4.50,17.30
2015-06-19,26.00,18.90,0.00,14.00
2015-06-20,27.00,20.00,0.00,15.80
2015-06-21,25.50,20.30,7.00,17.80
2015-06-22,25.00,20.00,19.30,19.90
2015-06-23,28.00,22.10,3.80,12.30
2015-06-24,31.10,23.10,5.90,15.20
2015-06-25,32.70,25.70,2.30,16.10
2015-06-26,28.20,22.80,34.80,14.50
2015-06-27,23.80,22.20,57.00,21.60
2015-06-28,23.40,21.90,37.00,17.40
2015-06-29,27.50,22.00,13.90,19.40
2015-06-30,32.00,22.30,3.70,19.10
2015-07-01,25.40,21.00,36.10,11.20
2015-07-02,27.50,19.80,0.00,10.70
2015-07-03,26.30,19.50,0.00,13.60
2015-07-04,22.80,20.80,5.20,12.80
2015-07-05,23.00,19.70,1.60,19.10
2015-07-06,21.50,19.30,23.60,20.40
2015-07-07,23.80,19.80,18.50,27.00
2015-07-08,24.80,20.50,10.50,20.40
2015-07-09,28.00,22.50,0.20,21.00
2015-07-10,28.10,24.00,0.30,39.70
2015-07-11,25.80,24.40,57.70,47.40
2015-07-12,28.10,23.20,3.80,36.30
2015-07-13,31.90,23.60,2.20,13.40
2015-07-14,30.30,23.50,0.00,13.00
2015-07-15,28.60,22.80,0.00,15.20
2015-07-16,27.90,23.50,0.00,18.70
2015-07-17,27.20,24.00,0.00,25.40
2015-07-18,27.70,24.10,3.20,24.00
2015-07-19,28.70,23.20,0.00,15.80
2015-07-20,29.60,23.90,0.00,13.00
2015-07-21,28.50,24.50,0.60,10.90
2015-07-22,31.20,24.70,1.70,9.60
2015-07-23,28.60,25.90,11.60,12.50
2015-07-24,32.00,26.00,3.30,15.30
2015-07-25,32.50,26.20,4.00,8.00
2015-07-26,33.00,26.10,5.10,9.40
2015-07-27,34.20,27.90,0.10,12.20
2015-07-28,35.20,28.30,0.00,13.40
2015-07-29,35.10,28.20,0.00,14.50
2015-07-30,33.50,26.80,0.00,14.40
2015-07-31,34.10,26.50,0.00,11.60
2015-08-01,35.20,27.10,0.20,11.20
2015-08-02,35.30,27.50,0.00,18.90
2015-08-03,34.30,27.50,0.00,19.00
2015-08-04,35.50,27.10,0.00,20.40
2015-08-05,33.80,26.80,0.00,23.80
2015-08-06,32.00,26.60,0.00,24.50
2015-08-07,30.60,27.00,9.20,24.20
2015-08-08,30.00,27.10,5.80,27.40
2015-08-09,28.00,26.40,11.70,27.70
2015-08-10,27.20,26.00,24.20,33.50
2015-08-11,29.00,25.50,5.20,33.40
2015-08-12,29.50,23.10,0.00,16.90
2015-08-13,28.40,22.70,0.50,9.70
2015-08-14,28.60,22.10,0.00,14.10
2015-08-15,28.50,23.50,0.70,15.90
2015-08-16,28.40,24.30,1.20,16.40
2015-08-17,29.50,23.00,0.00,13.20
2015-08-18,28.50,22.40,0.40,16.60
2015-08-19,30.00,24.00,0.00,14.80
2015-08-20,32.00,25.80,7.60,15.10
2015-08-21,27.40,24.00,7.00,10.20
2015-08-22,25.20,23.40,19.00,19.10
2015-08-23,26.50,24.00,18.90,21.50
2015-08-24,26.60,22.90,18.40,29.80
2015-08-25,28.20,21.80,0.30,22.50
2015-08-26,27.90,21.30,0.10,8.20
2015-08-27,29.70,22.50,2.60,8.20
2015-08-28,28.80,21.80,0.30,6.90
2015-08-29,28.40,23.00,1.00,10.90
2015-08-30,28.00,22.20,1.10,14.90
2015-08-31,27.90,21.90,0.50,11.50
2015-09-01,28.60,21.40,0.00,13.80
2015-09-02,29.50,23.20,2.60,8.30
2015-09-03,29.00,22.20,0.00,10.80
2015-09-04,28.80,21.90,0.40,17.90
2015-09-05,28.10,23.60,8.90,21.10
2015-09-06,26.80,22.00,1.30,15.30
2015-09-07,26.90,21.80,1.20,16.40
2015-09-08,26.40,21.10,1.00,16.10
2015-09-09,26.50,19.70,0.00,13.30
2015-09-10,26.60,17.70,0.00,9.00
2015-09-11,27.50,19.50,0.00,8.30
2015-09-12,22.90,18.00,2.10,18.50
2015-09-13,24.50,17.70,0.00,12.80
2015-09-14,25.10,19.50,0.00,15.00
2015-09-15,23.80,19.60,4.10,9.70
2015-09-16,25.10,19.80,1.10,20.50
2015-09-17,25.70,18.40,0.00,13.90
2015-09-18,26.00,17.90,0.00,9.20
2015-09-19,25.50,19.60,0.00,13.30
2015-09-20,24.50,18.90,0.00,9.60
2015-09-21,25.60,18.40,0.00,17.10
2015-09-22,26.20,21.30,3.30,18.90
2015-09-23,26.90,21.50,12.40,17.10
2015-09-24,25.80,20.00,0.20,13.70
2015-09-25,25.20,21.10,0.30,13.70
2015-09-26,26.00,20.60,0.00,17.90
2015-09-27,25.60,20.10,0.00,20.00
2015-09-28,25.40,21.00,5.50,25.50
2015-09-29,25.40,22.70,5.00,32.20
2015-09-30,27.70,23.60,4.80,24.80
2015-10-01,25.70,17.30,2.00,28.50
2015-10-02,23.60,14.80,0.00,13.50
2015-10-03,25.90,16.00,0.00,12.60
2015-10-04,23.30,18.40,3.50,17.00
2015-10-05,20.20,18.20,17.80,15.40
2015-10-06,23.80,19.00,0.00,18.50
2015-10-07,22.60,20.50,2.00,20.20
2015-10-08,21.40,17.80,2.80,21.50
2015-10-09,22.50,15.80,0.10,12.00
2015-10-10,23.00,14.10,0.00,19.50
2015-10-11,20.60,12.20,0.00,18.00
2015-10-12,21.80,10.90,0.00,10.60
2015-10-13,23.20,10.50,0.00,9.00
2015-10-14,23.20,14.70,0.00,9.70
2015-10-15,23.50,14.20,0.00,10.70
2015-10-16,23.90,15.40,0.00,12.10
2015-10-17,23.60,14.10,0.00,11.90
2015-10-18,22.60,14.80,0.00,14.50
2015-10-19,22.60,16.70,0.00,12.40
2015-10-20,23.10,16.10,0.20,13.40
2015-10-21,23.80,17.00,0.00,14.90
2015-10-22,24.50,17.80,0.00,14.80
2015-10-23,24.20,18.20,0.00,14.20
2015-10-24,24.50,17.50,0.00,14.80
2015-10-25,22.50,17.00,0.20,16.70
2015-10-26,24.90,16.20,0.00,16.30
2015-10-27,20.00,13.90,2.90,22.60
2015-10-28,20.10,10.90,0.20,7.30
2015-10-29,17.50,15.30,14.80,18.50
2015-10-30,19.10,14.20,2.90,27.00
2015-10-31,17.90,13.60,0.00,16.80
2015-11-01,14.70,10.80,7.60,12.90
2015-11-02,17.10,8.60,0.00,13.60
2015-11-03,20.10,9.20,0.00,16.90
2015-11-04,19.90,15.20,4.50,15.30
2015-11-05,23.40,16.40,0.90,14.60
2015-11-06,23.80,18.50,2.10,26.30
2015-11-07,26.10,18.00,2.00,20.80
2015-11-08,17.60,13.60,2.60,16.10
2015-11-09,15.80,11.90,1.20,20.50
2015-11-10,15.10,10.00,0.00,16.40
2015-11-11,16.30,12.80,0.20,17.10
2015-11-12,16.90,13.80,9.60,8.00
2015-11-13,16.50,13.60,6.90,19.70
2015-11-14,18.00,12.10,0.00,17.20
2015-11-15,18.50,10.80,0.00,18.90
2015-11-16,19.50,15.70,16.80,20.20
2015-11-17,17.70,14.50,30.10,19.40
2015-11-18,17.00,13.20,3.00,20.20
2015-11-19,15.50,13.00,0.00,12.30
2015-11-20,15.50,13.80,0.10,11.90
2015-11-21,17.00,14.90,8.00,18.10
2015-11-22,19.00,16.00,6.50,19.60
2015-11-23,18.10,15.10,6.30,22.10
2015-11-24,15.40,11.40,1.30,26.50
2015-11-25,10.90,4.60,4.10,27.10
2015-11-26,4.30,-1.40,0.00,30.20
2015-11-27,6.20,-3.30,0.00,20.10
2015-11-28,13.10,4.00,0.00,8.30
2015-11-29,14.10,7.40,1.70,6.50
2015-11-30,15.50,5.80,0.00,10.90
2015-12-01,17.10,9.60,0.00,18.40
2015-12-02,13.80,7.40,7.10,22.30
2015-12-03,11.70,3.10,0.00,28.50
2015-12-04,8.90,1.90,0.00,16.00
2015-12-05,8.10,1.90,10.00,11.60
2015-12-06,10.20,1.80,6.10,13.70
2015-12-07,12.50,3.30,0.00,14.60
2015-12-08,12.90,4.40,0.00,17.30
2015-12-09,13.40,9.50,16.10,15.10
2015-12-10,14.30,11.10,13.70,23.30
2015-12-11,11.80,5.80,0.00,18.80
2015-12-12,11.20,4.40,0.00,11.80
2015-12-13,9.90,5.80,5.80,12.00
2015-12-14,10.50,4.70,0.00,17.70
2015-12-15,10.40,3.00,0.00,18.30
2015-12-16,6.60,0.60,0.00,28.00
2015-12-17,4.90,-1.40,0.00,26.20
2015-12-18,7.30,-1.00,0.00,11.80
2015-12-19,10.60,1.50,0.00,14.10
2015-12-20,12.10,7.10,9.40,12.30
2015-12-21,10.40,3.30,0.00,11.80
2015-12-22,15.60,5.20,3.90,10.50
2015-12-23,11.20,8.30,2.10,16.60
2015-12-24,10.40,7.60,3.50,15.00
2015-12-25,9.90,3.80,0.20,13.70
2015-12-26,13.40,1.20,0.00,13.20
2015-12-27,10.80,4.80,0.30,24.50
2015-12-28,6.80,2.30,0.00,15.80
2015-12-29,9.10,2.50,0.00,9.40
2015-12-30,12.10,3.80,0.00,9.50
2015-12-31,9.10,1.80,0.00,15.60
2016-01-01,11.40,-0.60,0.00,15.00
2016-01-02,16.10,7.20,0.00,12.30
2016-01-03,16.40,7.30,2.00,8.00
2016-01-04,13.60,8.30,4.10,18.20
2016-01-05,11.90,8.40,9.30,30.80
2016-01-06,8.90,6.10,6.50,18.00
2016-01-07,8.60,4.40,0.00,12.60
2016-01-08,7.20,0.70,0.00,14.90
2016-01-09,8.70,0.20,0.00,9.40
2016-01-10,10.20,5.90,3.40,15.10
2016-01-11,8.60,4.40,8.50,24.40
2016-01-12,5.30,1.50,0.00,21.20
2016-01-13,4.90,-1.80,0.00,18.20
2016-01-14,6.70,-1.90,0.00,7.60
2016-01-15,10.20,1.50,0.00,9.70
2016-01-16,10.40,0.20,0.20,13.30
2016-01-17,8.80,3.00,6.90,22.20
2016-01-18,5.20,-0.70,0.00,21.10
2016-01-19,4.00,-3.20,0.00,16.40
2016-01-20,5.00,-2.70,1.00,15.60
2016-01-21,3.50,1.50,5.90,20.90
2016-01-22,4.80,1.30,3.60,27.30
2016-01-23,1.30,-5.30,0.40,32.20
2016-01-24,-4.90,-8.50,0.00,37.50
2016-01-25,2.00,-7.20,0.00,21.30
2016-01-26,6.40,-5.80,0.00,10.00
2016-01-27,7.10,1.10,4.00,9.60
2016-01-28,8.50,6.60,9.00,10.40
2016-01-29,7.20,3.00,6.70,19.90
2016-01-30,6.30,1.50,0.00,19.80
2016-01-31,4.70,0.70,3.60,19.90
2016-02-01,3.20,-1.50,1.60,23.60
2016-02-02,4.80,-2.80,0.00,14.50
2016-02-03,6.20,-3.00,0.00,9.60
2016-02-04,6.80,-2.50,0.00,9.20
2016-02-05,9.20,-2.50,0.00,13.40
2016-02-06,6.20,-1.20,0.00,24.60
2016-02-07,9.60,-4.00,0.40,19.80
2016-02-08,14.20,-2.40,0.00,18.00
2016-02-09,15.90,2.20,0.00,13.90
2016-02-10,16.60,5.90,0.00,26.10
2016-02-11,17.60,11.90,1.80,26.70
2016-02-12,18.50,10.90,0.00,18.70
2016-02-13,16.60,6.20,1.70,28.70
2016-02-14,5.20,1.40,0.20,30.30
2016-02-15,5.20,-2.30,0.00,23.50
2016-02-16,9.60,-2.00,0.00,22.00
2016-02-17,10.60,-1.50,0.00,10.50
2016-02-18,14.60,3.00,0.00,13.30
2016-02-19,11.40,3.80,0.00,14.30
2016-02-20,10.60,1.80,0.00,22.10
2016-02-21,10.40,-0.20,0.20,21.00
2016-02-22,6.80,5.20,12.40,18.40
2016-02-23,8.10,3.60,0.00,20.90
2016-02-24,7.80,1.20,0.00,16.30
2016-02-25,9.60,-0.60,0.00,16.00
2016-02-26,14.40,4.80,0.00,18.40
2016-02-27,17.80,5.80,0.00,19.90
2016-02-28,19.60,4.90,0.00,23.70
2016-02-29,10.10,1.80,0.00,22.40
2016-03-01,9.90,0.10,0.00,14.70
2016-03-02,14.90,4.70,0.00,21.60
2016-03-03,20.50,7.90,0.00,13.00
2016-03-04,19.60,11.90,0.00,22.70
2016-03-05,23.00,11.40,0.10,23.00
2016-03-06,14.10,9.90,0.20,16.20
2016-03-07,20.40,10.10,0.00,15.30
2016-03-08,12.40,5.80,13.50,40.00
2016-03-09,7.80,3.80,9.70,36.30
2016-03-10,6.20,1.20,0.60,26.30
2016-03-11,9.20,-0.40,0.00,12.00
2016-03-12,10.40,2.30,1.00,24.50
2016-03-13,10.60,6.20,3.30,18.10
2016-03-14,11.70,4.00,0.00,18.80
2016-03-15,11.20,2.90,0.00,19.40
2016-03-16,16.60,7.20,0.00,14.00
2016-03-17,15.90,8.80,2.70,18.60
2016-03-18,18.90,11.80,2.00,10.00
2016-03-19,16.50,8.40,0.00,14.00
2016-03-20,15.10,6.10,0.00,17.40
2016-03-21,14.10,6.90,0.00,14.90
2016-03-22,14.20,8.90,0.30,19.40
2016-03-23,11.70,7.40,0.00,28.40
2016-03-24,10.20,5.40,0.00,26.50
2016-03-25,12.90,4.60,0.00,15.50
2016-03-26,14.60,1.40,0.00,10.00
2016-03-27,15.60,5.40,0.00,20.00
2016-03-28,18.50,5.40,0.00,20.10
2016-03-29,21.30,9.90,0.00,20.20
2016-03-30,19.00,12.80,0.20,13.40
2016-03-31,15.90,9.40,2.80,8.30
2016-04-01,19.20,7.30,0.00,21.10
2016-04-02,17.20,12.10,15.30,20.70
2016-04-03,16.00,11.80,14.50,19.50
2016-04-04,16.00,10.10,0.00,15.10
2016-04-05,15.90,11.20,0.00,16.40
2016-04-06,20.80,12.40,26.90,24.80
2016-04-07,19.60,12.50,15.60,17.10
2016-04-08,19.60,10.90,0.00,11.00
2016-04-09,20.10,11.50,0.20,12.90
2016-04-10,20.00,10.50,0.00,12.60
2016-04-11,19.40,10.90,0.40,16.20
2016-04-12,18.00,11.90,3.70,20.60
2016-04-13,22.80,12.80,0.00,13.00
2016-04-14,21.90,11.90,0.00,13.00
2016-04-15,20.00,12.60,0.50,24.30
2016-04-16,20.70,14.80,9.10,30.40
2016-04-17,20.20,13.90,0.90,21.50
2016-04-18,18.70,10.80,3.20,14.10
2016-04-19,18.80,11.40,0.00,28.20
2016-04-20,20.50,15.20,25.80,28.80
2016-04-21,23.00,15.60,18.70,12.90
2016-04-22,24.50,13.90,0.00,17.10
2016-04-23,15.80,13.80,22.90,25.60
2016-04-24,17.70,13.60,1.70,22.10
2016-04-25,17.30,13.40,8.90,16.20
2016-04-26,16.30,14.30,34.30,17.60
2016-04-27,17.20,13.40,0.80,24.30
2016-04-28,21.70,13.60,0.00,24.00
2016-04-29,24.40,10.90,0.00,12.30
2016-04-30,23.60,14.40,0.00,19.70
2016-05-01,25.00,15.40,0.00,25.80
2016-05-02,21.90,18.60,44.70,24.30
2016-05-03,23.50,16.20,6.00,33.20
2016-05-04,26.00,13.30,0.00,20.30
2016-05-05,24.20,19.90,8.80,23.70
2016-05-06,28.60,18.80,5.70,16.50
2016-05-07,19.80,14.50,4.90,24.30
2016-05-08,16.60,15.20,28.60,18.60
2016-05-09,21.10,15.90,7.60,12.80
2016-05-10,18.00,14.80,30.80,20.90
2016-05-11,24.00,12.40,0.00,18.00
2016-05-12,24.10,15.80,0.00,23.60
2016-05-13,22.00,17.00,0.00,23.70
2016-05-14,23.60,16.70,0.00,24.20
2016-05-15,26.10,14.90,9.90,24.00
2016-05-16,22.30,14.40,2.80,18.30
2016-05-17,22.50,12.00,0.00,12.80
2016-05-18,23.00,13.40,0.00,16.80
2016-05-19,23.40,15.80,0.00,20.20
2016-05-20,21.60,18.00,5.70,27.10
2016-05-21,19.90,19.20,34.10,27.80
2016-05-22,25.10,19.20,1.30,9.80
2016-05-23,26.50,17.30,1.40,10.20
2016-05-24,23.70,19.20,4.90,11.80
2016-05-25,26.30,18.70,0.00,18.60
2016-05-26,25.90,21.00,17.30,12.90
2016-05-27,23.40,20.40,20.20,15.50
2016-05-28,21.50,20.40,30.20,11.20
2016-05-29,22.10,19.50,19.20,14.70
2016-05-30,24.30,18.90,0.00,13.50
2016-05-31,26.10,19.50,5.30,15.50
2016-06-01,22.00,18.60,33.40,28.10
2016-06-02,24.00,16.10,0.50,16.60
2016-06-03,20.90,18.90,28.80,21.70
2016-06-04,24.00,19.50,0.40,28.10
2016-06-05,23.70,17.50,0.10,14.20
2016-06-06,25.00,18.40,0.00,17.60
2016-06-07,25.00,20.00,0.70,15.50
2016-06-08,24.10,20.80,15.80,18.30
2016-06-09,24.20,19.80,0.30,16.30
2016-06-10,26.60,19.60,0.00,21.20
2016-06-11,28.40,22.80,1.20,18.70
2016-06-12,23.00,20.90,36.60,19.10
2016-06-13,27.50,20.40,0.00,12.90
2016-06-14,28.60,20.60,0.00,21.00
2016-06-15,31.10,23.00,13.50,18.80
2016-06-16,25.00,21.40,4.10,11.10
2016-06-17,28.60,20.20,0.00,21.90
2016-06-18,29.10,22.00,0.00,17.60
2016-06-19,30.50,24.00,17.30,23.00
2016-06-20,26.60,24.00,64.60,21.30
2016-06-21,32.00,24.40,0.10,16.10
2016-06-22,31.30,25.80,5.00,14.50
2016-06-23,32.40,24.80,0.00,16.20
2016-06-24,31.80,22.90,7.00,18.70
2016-06-25,22.80,19.60,29.00,10.50
2016-06-26,22.80,19.10,1.40,18.20
2016-06-27,24.70,21.60,32.90,15.90
2016-06-28,26.40,22.20,29.50,12.70
2016-06-29,26.20,22.80,26.50,16.60
2016-06-30,32.10,24.00,0.00,13.40
2016-07-01,30.90,26.30,2.00,19.50
2016-07-02,30.60,25.10,9.30,15.90
2016-07-03,31.00,25.00,3.90,15.30
2016-07-04,32.80,26.60,0.20,21.70
2016-07-05,33.10,26.80,7.60,23.30
2016-07-06,30.80,26.60,0.50,17.70
2016-07-07,30.40,26.00,1.50,20.50
2016-07-08,29.40,25.30,1.30,20.90
2016-07-09,29.50,24.90,1.20,20.90
2016-07-10,27.90,26.00,26.10,19.10
2016-07-11,27.50,26.10,24.90,17.60
2016-07-12,31.80,26.00,1.80,16.20
2016-07-13,31.60,26.50,12.00,10.40
2016-07-14,29.60,26.40,14.70,9.40
2016-07-15,33.50,25.80,10.80,13.20
2016-07-16,28.40,24.10,6.70,17.20
2016-07-17,29.60,22.70,0.00,16.60
2016-07-18,30.50,25.80,2.10,16.60
2016-07-19,31.40,25.60,4.80,17.40
2016-07-20,33.90,27.20,0.00,16.60
2016-07-21,35.50,27.50,0.00,14.30
2016-07-22,36.00,28.10,0.00,13.60
2016-07-23,35.50,28.20,0.00,13.90
2016-07-24,33.60,27.40,0.00,18.60
2016-07-25,32.20,27.10,0.00,21.40
2016-07-26,34.50,26.90,0.00,19.10
2016-07-27,35.90,28.00,0.20,16.00
2016-07-28,36.20,28.40,0.20,15.60
2016-07-29,34.70,28.50,0.00,17.20
2016-07-30,32.60,27.80,0.00,21.60
2016-07-31,31.90,27.60,0.00,19.90
2016-08-01,31.80,27.20,0.20,19.50
2016-08-02,32.20,27.90,2.20,18.00
2016-08-03,28.70,26.00,21.00,15.70
2016-08-04,31.50,25.20,6.20,6.80
2016-08-05,30.90,26.00,1.60,11.30
2016-08-06,30.80,26.50,1.10,17.80
2016-08-07,31.10,26.50,0.00,17.90
2016-08-08,30.90,26.60,1.10,17.00
2016-08-09,30.40,27.00,5.40,24.80
2016-08-10,31.00,26.70,4.10,21.30
2016-08-11,31.30,27.30,0.00,17.70
2016-08-12,31.70,27.50,0.90,19.20
2016-08-13,31.90,27.40,0.20,16.70
2016-08-14,32.00,27.20,0.00,14.20
2016-08-15,32.30,26.50,0.10,14.40
2016-08-16,31.80,26.50,0.10,13.00
2016-08-17,32.00,26.60,0.50,14.80
2016-08-18,32.20,27.10,0.00,19.00
2016-08-19,33.20,28.10,0.00,18.10
2016-08-20,33.80,28.10,0.30,13.90
2016-08-21,32.70,27.40,0.00,14.60
2016-08-22,32.80,27.30,0.00,15.90
2016-08-23,31.50,26.10,1.00,13.80
2016-08-24,31.50,24.20,0.00,13.70
2016-08-25,32.80,25.50,0.00,14.00
2016-08-26,31.20,26.10,1.70,20.90
2016-08-27,29.80,24.00,1.50,20.80
2016-08-28,29.00,21.60,0.00,28.20
2016-08-29,29.50,21.00,0.00,20.00
2016-08-30,29.40,20.50,0.00,20.40
2016-08-31,31.50,20.00,0.00,16.60
2016-09-01,31.90,22.40,0.00,15.80
2016-09-02,33.10,22.50,0.00,11.30
2016-09-03,32.00,22.10,0.00,13.40
2016-09-04,30.20,22.80,0.60,15.80
2016-09-05,30.00,24.30,0.70,11.60
2016-09-06,27.60,23.10,1.70,14.20
2016-09-07,23.60,20.60,15.00,12.60
2016-09-08,28.40,19.50,0.00,9.50
2016-09-09,29.30,21.80,0.00,12.70
2016-09-10,27.00,22.60,0.00,12.30
2016-09-11,26.50,22.10,3.70,11.60
2016-09-12,27.60,21.30,0.00,17.80
2016-09-13,27.50,21.10,1.10,18.20
2016-09-14,24.00,22.80,25.30,21.60
2016-09-15,25.50,23.60,47.50,24.10
2016-09-16,27.80,24.50,35.40,26.80
2016-09-17,27.10,22.10,1.60,24.10
2016-09-18,26.20,22.60,0.10,29.00
2016-09-19,25.80,21.00,0.60,28.90
2016-09-20,25.00,20.00,1.10,18.40
2016-09-21,24.80,18.50,0.20,11.20
2016-09-22,25.80,18.70,0.00,13.00
2016-09-23,25.30,18.80,0.00,13.20
2016-09-24,25.90,19.30,0.00,13.90
2016-09-25,27.10,18.50,0.00,15.40
2016-09-26,27.90,21.20,0.60,14.50
2016-09-27,29.10,24.10,0.40,20.60
2016-09-28,26.10,23.00,6.20,30.60
2016-09-29,22.90,21.80,19.20,28.80
2016-09-30,28.80,21.70,0.60,9.70
2016-10-01,29.50,22.90,1.50,12.10
2016-10-02,30.00,23.80,0.20,15.20
2016-10-03,26.60,21.90,4.00,20.50
2016-10-04,26.20,22.50,6.30,21.90
2016-10-05,27.20,20.80,0.00,16.90
2016-10-06,24.10,20.20,4.80,25.50
2016-10-07,25.10,19.90,4.30,19.50
2016-10-08,23.90,18.20,8.10,28.70
2016-10-09,19.50,17.30,0.00,27.00
2016-10-10,20.80,16.80,0.00,22.70
2016-10-11,22.50,16.70,0.00,18.60
2016-10-12,21.80,18.60,1.50,17.30
2016-10-13,20.40,19.00,0.00,14.40
2016-10-14,21.90,19.00,2.80,18.60
2016-10-15,22.40,19.00,3.10,21.30
2016-10-16,27.00,20.50,0.00,10.50
2016-10-17,23.10,18.40,0.00,13.80
2016-10-18,22.60,19.10,1.40,15.00
2016-10-19,21.90,19.50,5.20,14.00
2016-10-20,23.00,20.50,11.90,19.10
2016-10-21,22.90,21.10,77.80,22.30
2016-10-22,22.50,20.40,49.60,26.80
2016-10-23,22.00,18.90,0.60,28.30
2016-10-24,23.80,18.40,0.30,18.60
2016-10-25,21.70,18.50,0.10,19.40
2016-10-26,24.50,18.60,18.90,29.00
2016-10-27,22.50,18.80,5.30,18.40
2016-10-28,21.60,17.00,0.30,27.30
2016-10-29,17.20,14.20,0.00,25.30
2016-10-30,17.20,13.10,0.20,16.60
2016-10-31,16.90,14.20,3.90,17.30
2016-11-01,14.60,9.80,0.00,25.80
2016-11-02,15.60,9.00,0.00,11.90
2016-11-03,16.80,8.10,0.00,9.40
2016-11-04,19.50,9.20,0.00,14.40
2016-11-05,22.60,12.60,0.00,12.60
2016-11-06,22.20,12.20,0.00,12.30
2016-11-07,22.20,16.90,14.20,23.90
2016-11-08,17.60,11.60,10.00,37.30
2016-11-09,13.20,11.40,0.00,24.40
2016-11-10,14.30,8.40,0.00,21.80
2016-11-11,17.10,6.80,0.00,15.50
2016-11-12,20.60,13.10,0.00,25.60
2016-11-13,21.50,14.60,2.60,8.90
2016-11-14,20.00,14.20,0.00,11.60
2016-11-15,16.50,10.90,0.00,21.90
2016-11-16,17.10,10.00,2.60,13.60
2016-11-17,17.40,14.60,10.10,15.00
2016-11-18,23.50,16.60,3.30,15.60
2016-11-19,22.20,16.00,7.30,8.80
2016-11-20,18.90,16.20,8.30,19.00
2016-11-21,20.00,16.30,0.00,17.80
2016-11-22,16.10,9.10,0.00,31.80
2016-11-23,8.90,4.10,4.00,24.80
2016-11-24,9.70,1.60,0.00,21.80
2016-11-25,12.60,5.80,0.00,13.60
2016-11-26,12.80,6.60,13.50,26.10
2016-11-27,12.80,5.20,0.00,17.30
2016-11-28,12.10,5.80,0.00,19.10
2016-11-29,12.90,6.20,0.00,14.20
2016-11-30,15.50,9.60,0.00,14.10
2016-12-01,13.90,8.10,0.00,14.60
2016-12-02,13.00,7.30,0.00,13.80
2016-12-03,14.90,6.40,0.00,12.20
2016-12-04,16.70,7.90,3.00,12.60
2016-12-05,17.80,6.60,0.00,29.40
2016-12-06,10.70,4.20,0.00,28.50
2016-12-07,14.40,3.50,0.00,9.40
2016-12-08,15.10,7.30,0.00,13.50
2016-12-09,13.60,6.50,0.00,21.90
2016-12-10,11.40,8.40,0.00,14.30
2016-12-11,12.20,9.40,0.00,16.30
2016-12-12,16.50,9.90,0.40,12.10
2016-12-13,13.90,9.70,1.50,21.60
2016-12-14,9.50,3.80,0.00,24.70
2016-12-15,6.60,0.60,0.00,23.80
2016-12-16,7.80,0.80,0.00,16.60
2016-12-17,11.60,1.60,0.00,20.40
2016-12-18,17.50,8.40,0.10,19.60
2016-12-19,17.60,10.10,0.90,11.60
2016-12-20,13.20,10.90,10.00,17.70
2016-12-21,18.40,9.70,14.30,23.60
2016-12-22,9.60,7.40,1.10,25.30
2016-12-23,9.70,3.90,0.00,16.90
2016-12-24,10.20,3.80,0.00,14.10
2016-12-25,12.20,9.40,6.10,16.90
2016-12-26,12.60,7.20,6.40,22.70
2016-12-27,6.90,3.50,0.00,28.70
2016-12-28,7.20,1.70,0.00,13.80
2016-12-29,6.70,1.20,0.00,17.60
2016-12-30,9.90,2.50,0.00,11.30
2016-12-31,13.40,4.20,0.00,10.50
2017-01-01,16.10,4.30,0.00,21.40
2017-01-02,14.10,7.20,0.00,14.80
2017-01-03,12.10,5.80,0.00,11.60
2017-01-04,15.80,6.40,1.10,15.80
2017-01-05,11.20,9.90,17.90,19.20
2017-01-06,13.40,9.90,3.40,18.40
2017-01-07,14.90,8.60,21.50,19.90
2017-01-08,9.40,7.00,0.20,20.40
2017-01-09,7.40,4.20,0.00,19.90
2017-01-10,8.60,3.90,0.00,15.80
2017-01-11,8.90,4.80,0.00,14.80
2017-01-12,8.40,3.40,2.00,10.50
2017-01-13,9.90,0.90,0.00,19.30
2017-01-14,6.90,1.30,0.00,19.00
2017-01-15,6.40,1.80,0.00,16.80
2017-01-16,7.20,0.80,0.00,12.60
2017-01-17,10.60,1.90,0.40,14.40
2017-01-18,8.90,6.70,2.90,18.90
2017-01-19,9.40,5.70,0.20,18.00
2017-01-20,5.20,-1.40,0.00,28.50
2017-01-21,6.30,-4.00,0.00,13.70
2017-01-22,5.90,-1.70,0.00,19.50
2017-01-23,5.90,-2.50,0.00,15.20
2017-01-24,7.50,-0.60,0.00,14.60
2017-01-25,9.70,2.30,0.00,16.60
2017-01-26,12.10,0.20,0.00,16.30
2017-01-27,9.90,1.60,0.00,25.60
2017-01-28,15.40,3.70,0.00,23.70
2017-01-29,20.90,6.80,0.10,25.80
2017-01-30,6.00,1.80,0.00,27.90
2017-01-31,6.10,1.20,0.00,11.80
2017-02-01,5.30,2.60,0.10,20.30
2017-02-02,6.70,0.90,0.00,13.60
2017-02-03,10.30,2.50,3.10,11.70
2017-02-04,10.40,6.90,4.20,11.40
2017-02-05,10.20,3.40,0.00,22.70
2017-02-06,8.90,1.90,0.00,21.00
2017-02-07,8.40,1.90,0.00,15.80
2017-02-08,5.80,1.60,11.10,21.60
2017-02-09,5.00,-1.20,0.00,27.90
2017-02-10,5.50,-4.10,0.00,28.10
2017-02-11,6.40,-2.70,0.00,18.40
2017-02-12,10.80,-3.50,0.00,13.30
2017-02-13,13.50,-0.80,0.00,10.90
2017-02-14,14.20,0.50,0.00,14.00
2017-02-15,14.80,2.20,0.00,22.10
2017-02-16,17.50,8.10,1.10,18.80
2017-02-17,10.80,4.90,0.10,26.50
2017-02-18,11.30,3.60,0.10,12.20
2017-02-19,18.00,3.80,2.30,29.70
2017-02-20,14.50,3.60,0.10,31.60
2017-02-21,9.60,3.80,0.40,22.90
2017-02-22,10.50,3.80,8.00,25.60
2017-02-23,7.50,2.30,0.00,23.80
2017-02-24,8.20,1.20,0.00,12.70
2017-02-25,11.40,-0.60,0.00,11.80
2017-02-26,13.90,3.10,0.00,14.10
2017-02-27,12.60,2.60,0.00,13.50
2017-02-28,14.30,3.00,0.00,17.70
2017-03-01,16.00,4.10,0.50,31.10
2017-03-02,8.20,1.50,0.00,27.60
2017-03-03,12.40,1.60,0.00,21.70
2017-03-04,17.80,4.10,0.00,14.30
2017-03-05,12.60,7.80,4.40,16.30
2017-03-06,10.50,4.20,0.20,22.80
2017-03-07,14.40,0.90,0.00,19.00
2017-03-08,13.30,3.00,0.00,22.00
2017-03-09,16.80,2.00,0.00,10.90
2017-03-10,18.00,7.90,0.00,19.10
2017-03-11,15.50,5.50,0.00,19.90
2017-03-12,13.80,9.90,9.90,22.20
2017-03-13,9.90,6.50,10.20,26.10
2017-03-14,12.00,3.60,0.00,25.60
2017-03-15,12.20,1.50,0.00,14.90
2017-03-16,12.60,5.90,0.00,14.30
2017-03-17,13.10,3.80,0.00,16.20
2017-03-18,11.90,8.50,0.60,14.70
2017-03-19,13.00,9.20,4.20,17.10
2017-03-20,13.40,9.80,12.40,16.00
2017-03-21,14.80,7.10,0.00,21.30
2017-03-22,9.80,7.30,7.80,14.50
2017-03-23,10.90,7.70,0.80,16.60
2017-03-24,12.20,6.80,6.20,11.70
2017-03-25,14.10,4.70,0.40,15.90
2017-03-26,16.40,3.00,0.50,28.70
2017-03-27,18.70,3.60,0.00,18.00
2017-03-28,21.10,9.50,0.00,26.70
2017-03-29,16.80,8.60,0.00,17.70
2017-03-30,11.30,7.20,5.70,15.60
2017-03-31,15.10,7.60,4.90,24.40
2017-04-01,15.00,3.60,0.00,19.40
2017-04-02,20.10,6.30,0.00,21.00
2017-04-03,21.50,6.90,0.00,18.80
2017-04-04,19.60,10.50,0.00,27.40
2017-04-05,24.90,15.40,6.70,23.80
2017-04-06,20.40,13.40,7.40,15.60
2017-04-07,14.70,11.40,19.20,15.90
2017-04-08,21.00,11.50,0.00,15.50
2017-04-09,13.30,11.10,10.90,25.10
2017-04-10,15.40,10.30,11.90,17.10
2017-04-11,14.70,9.20,0.10,19.50
2017-04-12,16.60,7.30,0.00,15.70
2017-04-13,20.20,4.90,0.00,20.00
2017-04-14,24.70,9.90,0.00,18.90
2017-04-15,28.50,12.90,0.00,17.90
2017-04-16,26.00,14.00,0.00,11.40
2017-04-17,24.30,17.10,4.90,27.70
2017-04-18,26.30,13.70,0.00,31.50
2017-04-19,23.90,10.50,0.00,21.90
2017-04-20,25.60,15.20,3.30,18.70
2017-04-21,20.00,14.10,0.20,17.80
2017-04-22,19.10,11.20,0.00,18.70
2017-04-23,21.60,8.90,0.00,16.90
2017-04-24,23.20,11.10,0.00,20.70
2017-04-25,24.20,14.30,13.50,21.40
2017-04-26,17.50,12.60,7.70,23.90
2017-04-27,19.60,10.90,0.00,22.40
2017-04-28,23.00,10.20,0.00,21.90
2017-04-29,27.10,12.30,0.00,17.00
2017-04-30,28.50,13.60,0.00,15.90
2017-05-01,27.10,15.80,0.50,18.10
2017-05-02,20.40,16.80,11.10,25.60
2017-05-03,21.00,16.50,0.00,24.80
2017-05-04,22.50,17.20,6.60,25.90
2017-05-05,22.20,16.80,0.70,21.30
2017-05-06,22.60,15.20,0.00,15.20
2017-05-07,25.50,15.00,0.00,15.00
2017-05-08,19.00,15.60,23.40,21.00
2017-05-09,21.80,14.10,1.90,33.50
2017-05-10,29.80,13.20,0.00,17.80
2017-05-11,31.50,17.90,1.90,12.70
2017-05-12,21.50,15.40,28.50,22.80
2017-05-13,28.80,13.90,0.00,16.50
2017-05-14,23.60,16.20,0.00,19.30
2017-05-15,21.30,15.90,0.00,16.00
2017-05-16,22.00,13.10,0.80,17.10
2017-05-17,24.80,11.40,0.00,13.70
2017-05-18,26.10,13.90,0.00,17.80
2017-05-19,25.20,16.20,0.00,20.90
2017-05-20,26.90,18.60,0.00,23.70
2017-05-21,26.10,18.10,0.00,20.40
2017-05-22,28.10,17.80,0.00,19.40
2017-05-23,24.00,21.00,13.80,18.00
2017-05-24,21.50,17.00,0.90,25.70
2017-05-25,26.30,14.00,0.00,14.60
2017-05-26,23.60,16.00,0.00,14.10
2017-05-27,28.60,14.60,0.00,15.80
2017-05-28,30.10,17.10,0.00,16.00
2017-05-29,30.10,17.00,0.00,19.60
2017-05-30,30.50,19.40,0.10,24.60
2017-05-31,31.80,21.50,0.60,12.40
2017-06-01,31.60,23.40,1.60,12.20
2017-06-02,28.20,19.50,0.00,21.00
2017-06-03,28.60,16.70,0.00,21.30
2017-06-04,26.50,17.90,0.00,22.80
2017-06-05,23.10,19.10,13.10,23.30
2017-06-06,28.50,19.80,1.00,24.20
2017-06-07,27.10,18.00,0.20,19.00
2017-06-08,29.00,18.40,0.00,17.10
2017-06-09,31.00,20.60,0.20,15.10
2017-06-10,28.50,21.90,64.70,16.10
2017-06-11,25.60,21.00,1.80,18.30
2017-06-12,22.00,20.10,23.90,13.20
2017-06-13,22.40,18.80,5.30,16.00
2017-06-14,24.40,18.40,0.00,15.80
2017-06-15,26.50,16.00,0.00,12.50
2017-06-16,26.90,17.50,0.00,13.40
2017-06-17,27.00,16.20,0.00,14.80
2017-06-18,27.90,18.50,0.00,19.20
2017-06-19,25.00,21.10,9.50,20.90
2017-06-20,28.20,21.60,9.20,13.40
2017-06-21,26.50,21.80,7.30,13.70
2017-06-22,25.80,21.40,3.70,20.50
2017-06-23,27.50,21.50,6.00,10.00
2017-06-24,28.40,22.50,12.00,11.50
2017-06-25,25.10,22.40,6.90,15.50
2017-06-26,27.60,21.50,7.40,11.50
2017-06-27,27.60,21.50,5.60,16.90
2017-06-28,25.70,21.40,2.20,12.60
2017-06-29,28.40,21.00,1.80,11.60
2017-06-30,32.40,23.00,0.40,13.40
2017-07-01,29.50,24.90,2.60,14.50
2017-07-02,31.40,25.50,1.80,23.20
2017-07-03,31.30,24.50,20.00,14.70
2017-07-04,31.60,25.40,0.20,15.10
2017-07-05,33.50,25.80,2.20,12.20
2017-07-06,32.10,26.10,3.60,14.20
2017-07-07,33.80,26.60,0.10,18.60
2017-07-08,33.00,26.80,9.60,12.30
2017-07-09,32.30,26.70,10.50,18.60
2017-07-10,32.00,25.00,7.20,24.80
2017-07-11,33.00,23.60,0.50,15.30
2017-07-12,34.80,26.00,1.00,9.20
2017-07-13,34.30,26.80,5.40,10.50
2017-07-14,34.50,27.10,1.90,10.00
2017-07-15,34.30,27.20,0.00,20.70
2017-07-16,34.30,26.20,0.00,21.10
2017-07-17,33.80,26.60,0.00,23.80
2017-07-18,35.80,27.50,1.50,15.00
2017-07-19,35.90,27.60,4.00,10.20
2017-07-20,36.60,28.20,0.70,10.80
2017-07-21,39.10,28.00,0.30,15.00
2017-07-22,40.00,28.60,0.40,12.10
2017-07-23,39.50,28.30,1.50,13.60
2017-07-24,40.00,27.60,0.00,16.90
2017-07-25,40.00,28.90,0.90,18.40
2017-07-26,35.90,29.00,2.30,14.60
2017-07-27,37.20,27.20,0.00,18.20
2017-07-28,36.60,27.50,1.10,18.50
2017-07-29,33.70,27.30,1.90,18.40
2017-07-30,32.30,27.30,10.10,21.70
2017-07-31,34.00,27.80,0.60,34.00
2017-08-01,33.70,27.60,0.50,33.50
2017-08-02,34.20,27.90,0.00,29.30
2017-08-03,35.90,27.60,0.10,23.30
2017-08-04,37.50,28.20,3.10,14.80
2017-08-05,33.30,28.10,4.90,9.90
2017-08-06,34.70,28.00,4.10,17.10
2017-08-07,36.50,27.30,1.50,12.50
2017-08-08,33.80,27.60,2.30,15.10
2017-08-09,29.10,26.50,6.60,15.60
2017-08-10,32.50,25.80,4.90,12.20
2017-08-11,34.20,25.40,1.80,11.40
2017-08-12,30.40,27.50,1.20,16.30
2017-08-13,32.80,27.30,5.90,17.00
2017-08-14,31.30,25.80,2.30,17.00
2017-08-15,29.80,25.90,0.80,16.40
2017-08-16,29.90,25.40,9.70,13.60
2017-08-17,31.30,24.00,9.50,8.70
2017-08-18,32.80,26.40,4.40,11.40
2017-08-19,33.50,27.00,4.10,13.40
2017-08-20,29.80,25.70,21.20,14.50
2017-08-21,30.40,24.10,8.00,10.50
2017-08-22,32.00,25.90,2.90,25.10
2017-08-23,32.60,27.50,0.20,25.60
2017-08-24,34.00,27.50,1.10,21.10
2017-08-25,32.80,26.50,10.20,13.00
2017-08-26,27.90,24.00,6.80,22.90
2017-08-27,31.50,25.20,0.50,13.20
2017-08-28,34.20,26.10,0.30,14.30
2017-08-29,28.80,24.90,3.20,25.50
2017-08-30,26.60,23.50,0.00,20.40
2017-08-31,25.90,23.00,0.00,18.40
2017-09-01,27.00,22.10,0.00,18.80
2017-09-02,27.10,21.40,0.80,18.80
2017-09-03,28.50,23.10,0.20,16.50
2017-09-04,29.20,24.40,0.00,19.90
2017-09-05,32.80,24.10,5.40,9.70
2017-09-06,30.40,24.80,7.80,14.00
2017-09-07,25.50,21.70,5.30,14.20
2017-09-08,27.50,19.70,0.10,14.50
2017-09-09,26.30,23.50,4.50,18.60
2017-09-10,31.40,24.10,2.60,18.10
2017-09-11,28.20,23.60,12.70,19.00
2017-09-12,27.00,22.00,0.30,19.50
2017-09-13,27.30,21.60,0.00,27.00
2017-09-14,26.60,21.90,7.20,32.90
2017-09-15,26.60,23.30,0.90,28.40
2017-09-16,26.70,20.60,0.00,27.00
2017-09-17,27.50,18.80,0.00,23.70
2017-09-18,29.80,18.00,0.00,13.90
2017-09-19,29.50,21.80,1.00,11.80
2017-09-20,24.10,19.70,32.50,16.50
2017-09-21,23.40,20.60,6.00,14.70
2017-09-22,26.00,19.40,1.50,9.70
2017-09-23,23.10,19.50,11.40,16.30
2017-09-24,23.60,19.60,38.70,14.90
2017-09-25,27.50,23.30,17.00,15.00
2017-09-26,30.60,23.50,3.40,15.50
2017-09-27,26.80,22.60,1.40,25.30
2017-09-28,23.00,18.20,0.60,16.90
2017-09-29,24.50,17.00,0.00,13.80
2017-09-30,22.40,20.00,12.40,21.80
2017-10-01,28.90,22.60,4.70,23.80
2017-10-02,25.00,21.60,0.90,19.20
2017-10-03,23.90,19.80,0.00,25.00
2017-10-04,21.90,18.50,0.00,21.10
2017-10-05,22.00,17.90,0.40,13.20
2017-10-06,23.10,16.50,2.10,14.50
2017-10-07,24.00,16.60,0.00,11.90
2017-10-08,26.00,18.10,0.00,15.30
2017-10-09,27.90,18.20,1.70,20.20
2017-10-10,29.10,22.80,4.00,14.90
2017-10-11,23.60,19.30,5.50,24.00
2017-10-12,19.50,17.20,0.00,24.10
2017-10-13,19.60,16.40,0.00,22.20
2017-10-14,21.30,16.80,3.10,30.80
2017-10-15,19.20,17.90,14.00,30.40
2017-10-16,19.80,17.50,24.00,33.90
2017-10-17,19.40,17.00,0.40,23.50
2017-10-18,22.40,17.50,0.70,18.40
2017-10-19,20.00,17.20,0.10,21.70
2017-10-20,21.00,16.00,0.10,20.10
2017-10-21,20.90,15.80,0.00,25.60
2017-10-22,21.50,15.40,0.00,31.10
2017-10-23,18.60,13.50,0.00,20.00
2017-10-24,18.90,11.40,0.00,16.50
2017-10-25,19.60,10.40,0.00,12.10
2017-10-26,21.00,13.10,0.00,14.60
2017-10-27,20.50,13.20,0.00,15.30
2017-10-28,20.80,14.40,0.00,24.20
2017-10-29,19.60,12.40,0.20,36.00
2017-10-30,14.90,10.60,0.00,18.70
2017-10-31,16.90,8.60,0.00,9.20
2017-11-01,20.90,9.60,0.00,10.20
2017-11-02,22.50,10.90,0.00,9.20
2017-11-03,21.90,10.90,0.10,26.50
2017-11-04,14.40,10.40,0.00,22.60
2017-11-05,16.00,10.90,0.00,13.10
2017-11-06,22.50,11.10,0.10,17.80
2017-11-07,22.20,15.60,0.20,10.50
2017-11-08,21.00,12.60,0.00,19.70
2017-11-09,19.00,11.50,0.00,15.70
2017-11-10,21.10,12.40,0.00,20.80
2017-11-11,15.90,10.10,0.00,20.30
2017-11-12,17.60,9.90,1.10,11.80
2017-11-13,19.80,10.80,7.90,11.40
2017-11-14,17.10,14.20,2.80,12.40
2017-11-15,18.00,11.70,1.00,12.90
2017-11-16,16.00,12.20,10.00,17.60
2017-11-17,18.10,15.60,17.60,30.50
2017-11-18,15.20,6.90,7.90,32.70
2017-11-19,11.10,5.10,0.00,17.00
2017-11-20,11.70,7.90,2.10,18.10
2017-11-21,13.90,7.80,4.30,12.60
2017-11-22,13.60,9.10,9.80,22.40
2017-11-23,12.10,4.40,0.00,16.10
2017-11-24,13.60,2.20,0.00,9.80
2017-11-25,15.40,6.70,0.00,15.20
2017-11-26,16.40,6.80,0.00,17.50
2017-11-27,16.10,9.60,0.00,15.00
2017-11-28,18.90,12.00,2.80,13.90
2017-11-29,14.60,10.40,3.00,22.00
2017-11-30,10.20,8.10,0.20,21.40
2017-12-01,11.40,5.10,0.00,16.90
2017-12-02,12.00,5.10,0.00,10.60
2017-12-03,15.10,5.70,0.00,14.90
2017-12-04,13.10,5.80,0.00,28.70
2017-12-05,7.20,0.90,0.00,19.60
2017-12-06,10.40,-1.10,0.00,9.80
2017-12-07,10.90,0.30,0.00,15.30
2017-12-08,6.70,0.60,0.00,24.00
2017-12-09,8.00,-2.80,0.00,10.70
2017-12-10,12.10,2.50,0.00,22.20
2017-12-11,10.70,0.20,0.00,10.70
2017-12-12,8.70,3.60,0.00,18.30
2017-12-13,10.40,3.30,0.00,20.30
2017-12-14,9.10,6.40,2.70,20.80
2017-12-15,8.40,6.80,8.30,15.70
2017-12-16,6.90,0.80,0.50,26.80
2017-12-17,4.70,-2.70,0.00,15.60
2017-12-18,6.90,-4.80,0.00,11.90
2017-12-19,9.00,-0.90,0.00,20.70
2017-12-20,10.40,-4.30,0.00,17.60
2017-12-21,9.90,-1.00,0.00,10.80
2017-12-22,13.40,0.30,0.00,13.30
2017-12-23,17.20,4.70,0.60,20.30
2017-12-24,12.50,4.10,0.00,30.30
2017-12-25,8.50,0.80,0.00,13.20
2017-12-26,9.90,-0.20,0.00,10.80
2017-12-27,10.10,1.60,0.00,18.90
2017-12-28,11.20,6.70,8.90,12.20
2017-12-29,12.40,8.90,0.00,10.20
2017-12-30,11.20,6.50,2.60,17.50
2017-12-31,10.20,0.90,0.00,16.80
2018-01-01,9.70,1.40,0.00,13.80
2018-01-02,14.60,5.20,1.30,16.00
2018-01-03,9.80,5.00,10.60,27.00
2018-01-04,5.70,3.60,33.20,21.00
2018-01-05,6.80,1.10,2.50,20.50
2018-01-06,7.60,1.10,2.10,13.00
2018-01-07,11.70,3.30,10.30,18.20
2018-01-08,4.50,-1.60,0.50,26.00
2018-01-09,4.80,-4.40,0.00,24.60
2018-01-10,4.90,-3.50,0.00,22.50
2018-01-11,4.90,-4.80,0.00,14.10
2018-01-12,1.90,-5.10,0.00,14.40
2018-01-13,5.80,-7.70,0.00,10.10
2018-01-14,11.90,-0.80,0.00,20.10
2018-01-15,14.10,1.10,0.00,15.00
2018-01-16,14.50,6.90,0.70,14.80
2018-01-17,11.60,5.20,0.00,12.30
2018-01-18,10.10,4.80,0.00,16.90
2018-01-19,9.60,6.70,0.60,9.70
2018-01-20,8.20,4.80,0.00,10.70
2018-01-21,9.30,3.10,12.40,19.60
2018-01-22,11.40,0.20,4.20,15.10
2018-01-23,5.80,2.70,0.00,21.20
2018-01-24,3.40,-0.30,0.50,22.60
2018-01-25,2.20,0.90,11.40,23.70
2018-01-26,1.20,-0.30,0.40,23.70
2018-01-27,3.80,-0.20,6.70,15.10
2018-01-28,4.20,-0.20,4.70,25.00
2018-01-29,1.80,-4.30,0.00,19.60
2018-01-30,3.80,-5.70,0.00,11.00
2018-01-31,3.20,-4.00,0.00,12.90
2018-02-01,5.90,-4.00,0.00,13.70
2018-02-02,7.40,-2.00,0.00,19.10
2018-02-03,2.00,-2.80,0.00,21.10
2018-02-04,2.40,-4.20,0.00,19.90
2018-02-05,4.90,-5.70,0.00,16.90
2018-02-06,3.50,-4.30,0.00,19.20
2018-02-07,6.60,-4.30,0.00,14.10
2018-02-08,5.70,-2.70,0.00,12.70
2018-02-09,10.10,-1.10,0.00,20.50
2018-02-10,7.70,0.30,0.00,28.80
2018-02-11,8.40,-3.00,0.00,24.40
2018-02-12,7.00,-4.80,0.00,26.40
2018-02-13,10.90,-4.20,0.00,18.00
2018-02-14,18.50,2.50,0.00,16.90
2018-02-15,8.70,5.10,0.40,20.20
2018-02-16,7.00,2.00,2.90,13.40
2018-02-17,9.40,-0.30,0.00,20.70
2018-02-18,11.10,3.80,3.70,18.20
2018-02-19,8.30,5.70,7.80,19.10
2018-02-20,8.20,4.80,12.50,19.10
2018-02-21,8.60,2.50,0.50,17.40
2018-02-22,8.90,2.60,0.00,11.30
2018-02-23,12.90,0.40,0.00,16.90
2018-02-24,13.90,4.80,12.60,18.30
2018-02-25,11.90,3.20,9.90,20.20
2018-02-26,13.70,2.10,0.00,13.60
2018-02-27,16.00,4.80,1.30,22.10
2018-02-28,14.20,7.90,7.10,38.40
2018-03-01,12.40,5.00,0.00,23.90
2018-03-02,9.20,5.30,5.50,17.10
2018-03-03,19.40,9.60,12.10,19.20
2018-03-04,23.90,10.90,14.30,27.60
2018-03-05,10.40,5.20,3.10,32.90
2018-03-06,9.80,4.60,0.60,22.10
2018-03-07,9.40,6.80,9.90,19.40
2018-03-08,10.40,1.80,0.30,29.50
2018-03-09,9.10,-0.20,0.00,15.60
2018-03-10,15.10,0.10,0.00,14.40
2018-03-11,17.30,2.70,0.00,16.30
2018-03-12,20.90,8.70,0.00,17.40
2018-03-13,22.50,9.70,0.00,19.10
2018-03-14,22.20,14.20,2.20,22.70
2018-03-15,18.00,9.60,6.90,23.30
2018-03-16,9.10,6.60,0.10,26.40
2018-03-17,13.80,7.20,0.00,22.40
2018-03-18,15.30,9.10,5.90,15.40
2018-03-19,11.60,7.60,1.80,21.00
2018-03-20,8.10,4.10,7.60,20.70
2018-03-21,8.80,3.80,3.40,27.90
2018-03-22,15.00,0.90,0.00,14.60
2018-03-23,19.30,4.10,0.00,12.60
2018-03-24,22.00,7.30,0.00,11.90
2018-03-25,20.50,10.60,0.00,17.20
2018-03-26,21.50,10.20,0.70,16.10
2018-03-27,22.00,8.60,0.00,14.30
2018-03-28,24.50,10.80,0.00,16.20
2018-03-29,23.50,11.90,0.00,14.80
2018-03-30,18.70,11.40,0.00,15.70
2018-03-31,22.80,10.80,0.00,18.90
2018-04-01,25.80,14.20,0.00,19.20
2018-04-02,24.80,15.10,0.00,16.40
2018-04-03,24.80,16.90,2.50,23.00
2018-04-04,18.10,11.10,0.20,25.40
2018-04-05,14.80,8.10,16.90,23.30
2018-04-06,15.70,7.20,1.90,28.30
2018-04-07,12.90,3.80,0.00,26.50
2018-04-08,19.90,4.60,0.00,25.60
2018-04-09,25.00,8.10,0.00,19.90
2018-04-10,26.20,14.40,0.00,23.90
2018-04-11,23.80,14.40,0.00,23.70
2018-04-12,19.50,14.10,1.30,22.80
2018-04-13,18.10,14.20,2.70,26.70
2018-04-14,18.20,11.10,10.20,27.90
2018-04-15,18.10,8.90,0.00,19.00
2018-04-16,14.70,7.60,0.00,10.20
2018-04-17,18.50,4.80,0.00,13.70
2018-04-18,23.00,8.00,0.00,15.50
2018-04-19,25.60,11.80,0.00,16.80
2018-04-20,25.10,14.60,0.00,24.80
2018-04-21,24.00,16.50,0.80,24.90
2018-04-22,28.60,18.60,2.60,23.10
2018-04-23,23.10,13.00,33.20,21.70
2018-04-24,16.20,11.10,0.00,27.90
2018-04-25,20.70,9.50,0.00,15.70
2018-04-26,21.50,10.90,0.00,12.20
2018-04-27,25.30,13.20,0.00,15.20
2018-04-28,25.80,13.20,0.10,11.40
2018-04-29,27.10,15.80,0.00,17.00
2018-04-30,28.90,18.90,0.10,13.40
2018-05-01,28.90,19.20,13.50,11.30
2018-05-02,24.00,12.90,2.10,28.20
2018-05-03,23.70,9.80,0.00,21.80
2018-05-04,26.10,12.40,0.00,18.60
2018-05-05,20.60,17.70,11.10,24.30
2018-05-06,25.40,20.30,11.20,20.90
2018-05-07,23.10,16.60,7.30,23.10
2018-05-08,22.10,13.30,3.30,16.80
2018-05-09,21.80,11.50,0.00,20.60
2018-05-10,20.10,11.40,0.00,19.30
2018-05-11,24.80,12.90,0.60,25.30
2018-05-12,28.50,19.10,9.00,13.70
2018-05-13,26.20,18.10,0.00,15.60
2018-05-14,30.40,17.60,0.00,18.50
2018-05-15,32.10,22.20,0.00,18.40
2018-05-16,34.20,23.00,0.00,21.30
2018-05-17,34.00,23.60,1.60,18.30
2018-05-18,30.40,20.90,2.30,18.90
2018-05-19,22.10,19.50,33.50,17.60
2018-05-20,20.60,19.00,0.90,21.60
2018-05-21,22.00,19.40,0.50,17.10
2018-05-22,26.00,18.20,4.70,23.40
2018-05-23,24.50,15.20,0.00,19.10
2018-05-24,25.60,14.20,0.90,20.40
2018-05-25,26.90,18.60,24.50,12.60
2018-05-26,23.50,19.60,16.10,16.20
2018-05-27,24.40,19.60,0.30,13.00
2018-05-28,27.60,19.00,0.10,12.20
2018-05-29,28.10,19.90,0.20,11.10
2018-05-30,28.80,20.50,0.50,15.70
2018-05-31,21.70,16.70,2.70,12.70
2018-06-01,24.20,15.10,0.00,14.40
2018-06-02,26.00,15.40,0.00,13.30
2018-06-03,24.00,18.80,1.40,12.30
2018-06-04,27.90,18.20,1.60,10.20
2018-06-05,25.90,20.30,1.40,15.40
2018-06-06,28.00,19.00,0.00,15.60
2018-06-07,27.00,18.60,0.00,16.30
2018-06-08,24.50,19.00,0.00,14.00
2018-06-09,25.80,19.90,1.20,15.00
2018-06-10,25.40,19.00,5.40,13.30
2018-06-11,28.50,17.70,0.00,20.50
2018-06-12,31.40,19.10,0.20,17.00
2018-06-13,32.30,21.00,0.00,19.90
2018-06-14,29.40,21.10,0.10,18.10
2018-06-15,28.50,18.60,0.00,19.50
2018-06-16,26.40,20.30,0.00,19.80
2018-06-17,27.80,19.80,1.90,20.50
2018-06-18,31.70,21.30,0.00,18.90
2018-06-19,32.00,22.70,19.50,15.80
2018-06-20,22.90,20.80,25.30,18.90
2018-06-21,26.10,19.40,0.00,15.10
2018-06-22,26.20,19.10,14.50,18.80
2018-06-23,25.20,18.90,1.90,16.00
2018-06-24,27.60,18.00,1.60,17.00
2018-06-25,32.20,22.80,1.80,13.40
2018-06-26,36.40,26.30,0.10,18.10
2018-06-27,35.70,26.60,0.00,18.80
2018-06-28,34.30,26.20,10.90,25.80
2018-06-29,31.80,24.00,21.50,11.20
2018-06-30,28.00,24.50,19.00,21.70
2018-07-01,29.30,25.10,12.10,19.90
2018-07-02,30.60,24.50,1.60,19.50
2018-07-03,29.90,23.90,5.80,11.60
2018-07-04,30.90,24.00,9.20,15.00
2018-07-05,29.50,25.00,8.00,19.10
2018-07-06,28.50,24.90,8.50,21.00
2018-07-07,27.70,25.10,2.80,30.00
2018-07-08,31.90,25.20,2.60,17.60
2018-07-09,32.20,25.90,0.00,25.60
2018-07-10,32.00,25.10,0.00,24.00
2018-07-11,31.00,25.80,2.70,37.70
2018-07-12,31.50,26.30,0.00,34.00
2018-07-13,31.60,25.70,0.00,24.60
2018-07-14,31.80,25.20,0.00,25.00
2018-07-15,32.00,24.90,0.00,20.20
2018-07-16,31.50,24.50,0.00,22.20
2018-07-17,32.60,25.20,0.00,22.40
2018-07-18,33.00,24.60,0.30,20.90
2018-07-19,33.30,25.10,0.00,19.60
2018-07-20,32.30,24.50,1.60,19.80
2018-07-21,32.20,25.80,2.80,28.60
2018-07-22,27.80,26.20,46.60,44.40
2018-07-23,31.70,26.50,3.30,29.90
2018-07-24,33.00,26.00,6.00,17.00
2018-07-25,34.30,27.00,1.30,12.10
2018-07-26,35.20,27.20,15.80,12.20
2018-07-27,33.50,26.00,6.90,8.90
2018-07-28,34.00,26.80,0.40,12.70
2018-07-29,33.20,25.90,0.30,12.40
2018-07-30,33.00,25.90,1.00,15.90
2018-07-31,32.00,25.60,1.40,16.40
2018-08-01,32.20,26.50,0.30,18.60
2018-08-02,32.00,26.60,6.80,23.50
2018-08-03,30.50,26.00,11.10,38.30
2018-08-04,33.00,27.20,0.80,24.40
2018-08-05,33.70,26.70,0.00,16.90
2018-08-06,34.30,26.90,3.90,14.40
2018-08-07,33.00,26.40,0.80,18.10
2018-08-08,32.00,25.40,0.30,17.70
2018-08-09,32.70,24.70,0.00,14.50
2018-08-10,33.80,24.60,0.00,13.40
2018-08-11,33.70,26.30,0.50,18.70
2018-08-12,29.00,26.60,25.50,23.00
2018-08-13,31.80,26.70,2.00,33.70
2018-08-14,31.80,27.00,1.30,26.30
2018-08-15,31.20,26.80,0.50,21.50
2018-08-16,30.70,26.50,19.60,38.50
2018-08-17,28.90,26.50,25.40,44.10
2018-08-18,30.00,26.00,1.90,26.50
2018-08-19,30.40,26.10,1.80,27.50
2018-08-20,31.70,26.80,1.80,24.80
2018-08-21,30.30,26.10,9.80,11.30
2018-08-22,31.20,25.50,0.90,25.00
2018-08-23,30.60,24.90,0.00,25.70
2018-08-24,29.70,21.70,0.10,12.30
2018-08-25,27.60,25.40,13.10,19.60
2018-08-26,29.80,26.20,8.60,19.60
2018-08-27,31.10,26.00,1.00,25.80
2018-08-28,31.40,26.40,0.10,25.00
2018-08-29,31.40,25.60,0.70,21.30
2018-08-30,31.80,25.80,0.00,24.60
2018-08-31,32.20,25.50,6.20,18.40
2018-09-01,30.90,24.80,4.20,10.50
2018-09-02,31.20,25.40,5.00,8.60
2018-09-03,32.00,25.60,20.60,13.40
2018-09-04,30.30,22.60,0.90,22.20
2018-09-05,30.80,19.90,0.00,15.80
2018-09-06,31.60,24.00,1.20,14.40
2018-09-07,25.20,21.50,23.90,15.90
2018-09-08,26.00,20.30,1.80,14.50
2018-09-09,26.80,19.50,0.30,19.30
2018-09-10,26.10,20.00,0.10,14.70
2018-09-11,26.50,21.30,1.90,16.60
2018-09-12,27.20,21.40,1.40,19.50
2018-09-13,27.90,23.20,3.00,14.50
2018-09-14,29.60,22.40,0.40,13.00
2018-09-15,29.80,22.50,0.40,15.20
2018-09-16,30.70,23.60,17.90,14.50
2018-09-17,27.90,24.40,32.40,12.10
2018-09-18,29.50,23.90,2.80,6.60
2018-09-19,31.50,24.90,6.90,11.40
2018-09-20,30.20,24.60,12.80,17.00
2018-09-21,26.80,22.90,1.00,16.80
2018-09-22,26.70,22.00,0.50,8.70
2018-09-23,27.40,21.40,0.00,13.30
2018-09-24,26.50,20.50,0.00,21.40
2018-09-25,24.80,19.10,0.10,25.80
2018-09-26,25.10,19.40,0.00,23.00
2018-09-27,25.00,19.60,0.50,21.70
2018-09-28,26.20,18.10,0.00,15.00
2018-09-29,25.50,20.00,0.00,28.00
2018-09-30,26.60,18.70,0.00,22.90
2018-10-01,23.40,15.00,0.00,23.30
2018-10-02,24.20,13.80,0.00,11.00
2018-10-03,24.80,13.10,0.00,19.10
2018-10-04,24.70,18.50,0.00,27.30
2018-10-05,23.10,19.70,0.40,41.60
2018-10-06,24.50,17.50,0.10,26.40
2018-10-07,25.20,15.30,0.10,15.90
2018-10-08,24.20,16.70,0.00,17.20
2018-10-09,24.80,17.70,0.90,10.70
2018-10-10,20.20,14.90,0.90,22.30
2018-10-11,19.90,12.40,0.00,22.50
2018-10-12,20.70,13.30,0.00,15.50
2018-10-13,21.70,12.40,0.00,16.50
2018-10-14,21.20,15.30,0.20,17.10
2018-10-15,22.00,14.50,2.50,21.10
2018-10-16,20.00,14.90,9.90,20.80
2018-10-17,21.20,13.90,0.00,14.80
2018-10-18,20.10,12.90,0.00,21.50
2018-10-19,20.50,10.40,0.00,17.70
2018-10-20,20.40,14.20,0.00,15.70
2018-10-21,21.20,14.50,4.30,16.90
2018-10-22,19.70,17.00,7.00,11.50
2018-10-23,21.90,14.30,0.20,18.40
2018-10-24,21.90,12.90,0.00,14.40
2018-10-25,22.60,12.40,2.30,15.40
2018-10-26,22.70,14.20,0.00,24.70
2018-10-27,18.60,8.30,0.00,17.90
2018-10-28,22.60,8.20,0.00,22.20
2018-10-29,24.00,9.70,0.00,16.90
2018-10-30,21.40,12.00,0.20,13.70
2018-10-31,19.00,11.90,0.00,16.20
2018-11-01,18.10,10.10,0.00,19.30
2018-11-02,19.10,10.90,0.00,18.20
2018-11-03,19.50,14.20,0.10,16.20
2018-11-04,21.60,13.40,0.10,18.00
2018-11-05,21.50,16.00,5.40,19.70
2018-11-06,20.50,16.00,7.40,19.90
2018-11-07,19.00,16.00,22.50,13.00
2018-11-08,16.10,9.10,19.80,24.90
2018-11-09,15.70,5.90,0.00,11.20
2018-11-10,18.50,7.40,0.00,14.30
2018-11-11,20.50,12.80,2.30,15.50
2018-11-12,16.10,12.90,5.90,22.10
2018-11-13,16.90,10.20,0.00,16.40
2018-11-14,17.30,9.90,0.20,17.70
2018-11-15,18.00,11.60,4.70,10.70
2018-11-16,17.00,12.90,1.10,29.40
2018-11-17,16.20,11.90,0.50,19.90
2018-11-18,13.20,10.80,16.10,15.10
2018-11-19,14.40,8.90,0.40,14.70
2018-11-20,17.80,8.10,0.50,20.00
2018-11-21,16.50,12.20,25.90,24.00
2018-11-22,13.50,7.40,0.00,21.00
2018-11-23,15.80,6.70,0.00,14.40
2018-11-24,18.10,7.90,0.00,15.90
2018-11-25,18.70,7.20,0.40,13.70
2018-11-26,18.50,11.70,0.50,11.30
2018-11-27,17.00,10.20,0.00,8.80
2018-11-28,15.80,9.10,0.00,9.50
2018-11-29,18.30,5.80,0.00,9.40
2018-11-30,19.20,8.20,0.00,14.60
2018-12-01,20.90,10.10,0.00,11.60
2018-12-02,21.60,12.60,17.00,25.80
2018-12-03,20.10,14.80,0.70,8.70
2018-12-04,16.20,10.20,14.30,26.30
2018-12-05,13.00,10.40,2.10,19.70
2018-12-06,12.60,7.60,23.50,24.40
2018-12-07,7.20,2.40,4.60,28.70
2018-12-08,4.30,2.00,1.40,22.90
2018-12-09,7.30,1.40,3.00,15.90
2018-12-10,10.40,7.80,13.40,22.90
2018-12-11,10.20,4.30,6.20,23.10
2018-12-12,7.90,0.80,0.00,23.00
2018-12-13,7.10,0.10,0.00,15.50
2018-12-14,10.00,0.80,0.00,14.80
2018-12-15,10.50,3.70,2.40,10.90
2018-12-16,9.60,3.80,3.30,22.50
2018-12-17,12.30,1.50,0.00,15.00
2018-12-18,14.60,-0.50,0.00,13.50
2018-12-19,13.20,4.90,0.00,13.30
2018-12-20,14.40,8.00,1.30,17.30
2018-12-21,15.40,7.80,0.00,10.70
2018-12-22,14.10,11.10,6.60,18.80
2018-12-23,11.50,6.00,1.20,22.20
2018-12-24,10.80,4.80,0.00,17.30
2018-12-25,14.80,7.00,1.10,18.10
2018-12-26,11.30,7.40,14.60,26.50
2018-12-27,7.30,3.80,1.20,26.60
2018-12-28,3.60,-1.80,0.00,26.70
2018-12-29,4.20,-3.00,0.00,24.10
2018-12-30,2.20,-1.00,3.00,17.20
2018-12-31,6.40,-0.20,0.70,17.90
2019-01-01,5.50,1.20,0.00,17.10
2019-01-02,6.70,1.80,0.10,17.00
2019-01-03,9.60,3.80,0.30,14.00
2019-01-04,11.70,7.90,11.60,11.40
2019-01-05,9.40,7.00,4.00,17.30
2019-01-06,8.60,6.20,0.30,17.50
2019-01-07,9.40,4.40,3.10,15.50
2019-01-08,8.40,4.80,0.50,19.90
2019-01-09,5.90,4.40,2.90,17.60
2019-01-10,8.80,5.40,5.60,11.20
2019-01-11,9.70,6.50,10.80,12.00
2019-01-12,7.10,4.90,0.50,19.30
2019-01-13,7.80,3.60,0.00,11.70
2019-01-14,10.10,2.70,0.40,15.80
2019-01-15,7.30,3.80,2.90,22.10
2019-01-16,5.40,0.80,0.00,17.30
2019-01-17,8.10,-2.20,0.00,15.30
2019-01-18,9.80,-2.50,0.00,15.00
2019-01-19,11.50,3.00,0.50,16.30
2019-01-20,8.10,1.80,0.50,24.40
2019-01-21,8.30,-1.90,0.00,14.80
2019-01-22,10.30,-1.70,0.00,24.10
2019-01-23,12.80,-2.00,0.00,13.90
2019-01-24,11.60,-0.20,0.00,11.80
2019-01-25,10.80,1.10,0.00,21.60
2019-01-26,5.80,-0.20,0.00,20.20
2019-01-27,9.20,-2.80,0.00,13.80
2019-01-28,8.10,1.80,0.10,14.10
2019-01-29,10.40,5.10,0.10,16.60
2019-01-30,15.30,7.80,0.00,9.80
2019-01-31,9.40,2.50,6.20,33.20
2019-02-01,7.70,-2.00,0.00,12.80
2019-02-02,15.60,0.80,0.00,25.50
2019-02-03,12.70,5.70,0.50,22.40
2019-02-04,10.10,2.70,0.00,16.80
2019-02-05,13.30,5.10,0.00,16.90
2019-02-06,17.60,4.30,0.00,15.10
2019-02-07,12.20,3.10,2.50,34.50
2019-02-08,5.90,1.30,9.50,23.00
2019-02-09,5.10,1.50,5.50,23.30
2019-02-10,4.20,2.20,1.40,16.40
2019-02-11,4.70,-0.70,0.00,14.50
2019-02-12,10.00,1.40,15.00,18.70
2019-02-13,8.80,5.20,6.70,22.30
2019-02-14,8.80,4.10,5.70,22.40
2019-02-15,7.10,4.70,20.50,16.30
2019-02-16,5.60,2.50,0.30,18.90
2019-02-17,7.60,1.60,0.00,14.50
2019-02-18,9.60,4.40,13.10,18.90
2019-02-19,11.20,5.30,1.60,20.80
2019-02-20,7.80,4.80,5.50,20.20
2019-02-21,8.20,5.70,7.20,20.20
2019-02-22,7.00,3.70,5.10,17.80
2019-02-23,9.40,1.60,0.00,14.10
2019-02-24,10.90,0.90,0.00,12.90
2019-02-25,11.20,4.20,0.00,11.40
2019-02-26,11.20,3.20,1.40,19.50
2019-02-27,10.50,6.80,4.60,14.50
2019-02-28,11.10,5.10,0.00,15.50
2019-03-01,10.20,3.40,2.90,14.10
2019-03-02,7.90,6.40,5.30,16.50
2019-03-03,10.50,5.10,0.20,18.20
2019-03-04,12.70,3.50,0.00,17.10
2019-03-05,11.60,4.50,5.90,14.80
2019-03-06,14.70,8.10,1.10,21.30
2019-03-07,10.60,3.10,0.00,24.60
2019-03-08,11.30,1.30,0.00,16.70
2019-03-09,13.70,8.10,9.40,12.80
2019-03-10,13.40,6.40,0.20,24.30
2019-03-11,18.10,3.80,0.00,23.90
2019-03-12,19.50,4.00,0.00,29.20
2019-03-13,14.80,2.70,0.00,15.70
2019-03-14,12.20,6.20,3.00,21.70
2019-03-15,18.80,5.10,0.30,20.90
2019-03-16,18.90,3.20,0.00,16.00
2019-03-17,20.20,4.90,0.00,15.30
2019-03-18,14.10,6.80,1.30,13.90
2019-03-19,19.10,3.20,0.00,25.10
2019-03-20,24.50,11.10,6.20,32.40
2019-03-21,16.70,8.80,3.60,24.50
2019-03-22,10.90,7.10,0.10,22.40
2019-03-23,13.90,4.90,0.30,13.30
2019-03-24,14.70,3.80,0.00,16.40
2019-03-25,15.90,8.10,2.90,15.90
2019-03-26,20.80,5.80,0.00,15.90
2019-03-27,21.10,9.90,11.30,17.40
2019-03-28,18.00,12.00,2.00,15.60
2019-03-29,19.80,10.70,0.00,10.90
2019-03-30,18.80,8.90,0.10,26.60
2019-03-31,13.20,6.20,0.00,15.50
2019-04-01,16.90,4.20,0.00,15.50
2019-04-02,17.50,8.10,0.00,18.60
2019-04-03,17.40,8.90,0.00,16.00
2019-04-04,15.10,8.20,2.40,18.60
2019-04-05,22.50,9.60,0.00,13.20
2019-04-06,24.60,11.40,0.00,15.50
2019-04-07,28.50,13.60,0.00,22.00
2019-04-08,26.00,13.90,0.00,24.10
2019-04-09,27.50,9.80,7.20,31.40
2019-04-10,13.20,9.20,0.00,31.90
2019-04-11,13.00,8.10,0.00,13.20
2019-04-12,17.50,4.90,0.00,16.30
2019-04-13,19.20,7.70,0.00,19.50
2019-04-14,19.00,10.00,0.00,24.30
2019-04-15,19.40,7.40,0.00,16.00
2019-04-16,17.20,10.90,2.40,19.60
2019-04-17,22.00,10.20,0.00,16.50
2019-04-18,26.90,13.70,0.00,18.10
2019-04-19,25.40,15.90,0.20,19.80
2019-04-20,25.50,16.90,2.60,24.90
2019-04-21,25.20,17.70,2.80,16.60
2019-04-22,21.30,17.10,16.40,17.20
2019-04-23,27.00,18.80,21.60,19.60
2019-04-24,25.60,16.50,2.70,14.70
2019-04-25,23.10,14.10,0.90,19.40
2019-04-26,15.90,9.90,0.80,24.40
2019-04-27,16.50,8.90,0.00,19.60
2019-04-28,20.80,13.50,1.80,14.80
2019-04-29,19.50,14.20,13.70,17.10
2019-04-30,17.90,12.90,3.40,15.20
2019-05-01,21.90,12.00,1.40,20.50
2019-05-02,22.50,9.20,0.00,13.00
2019-05-03,25.00,10.10,0.00,13.70
2019-05-04,25.60,11.00,0.00,15.80
2019-05-05,23.90,11.10,0.00,15.60
2019-05-06,17.40,12.50,0.00,27.20
2019-05-07,18.60,10.40,0.00,21.20
2019-05-08,20.00,12.50,0.00,17.00
2019-05-09,23.80,10.30,0.00,15.60
2019-05-10,25.30,13.70,0.00,12.50
2019-05-11,28.00,14.10,0.00,15.80
2019-05-12,27.50,14.60,0.00,18.10
2019-05-13,21.90,14.90,7.60,17.50
2019-05-14,23.30,12.60,0.00,18.10
2019-05-15,21.90,17.00,6.00,18.30
2019-05-16,24.40,18.10,6.10,14.70
2019-05-17,26.10,19.00,4.30,18.50
2019-05-18,23.80,17.50,0.20,20.50
2019-05-19,25.60,15.90,0.10,12.00
2019-05-20,22.90,16.50,0.00,24.20
2019-05-21,25.80,11.90,0.00,12.20
2019-05-22,29.50,14.60,0.00,14.50
2019-05-23,32.50,15.90,0.00,15.90
2019-05-24,30.50,17.10,0.00,25.30
2019-05-25,28.00,20.80,3.90,32.10
2019-05-26,22.90,21.20,46.00,30.70
2019-05-27,28.80,18.00,9.10,30.00
2019-05-28,23.80,15.70,0.00,18.60
2019-05-29,25.60,14.60,0.00,8.80
2019-05-30,24.00,15.00,0.30,19.10
2019-05-31,23.70,17.00,1.10,17.00
2019-06-01,24.40,15.60,0.00,13.00
2019-06-02,25.60,17.20,0.00,10.60
2019-06-03,27.30,16.50,0.00,16.30
2019-06-04,28.90,17.40,0.00,15.50
2019-06-05,29.10,19.60,0.00,21.10
2019-06-06,31.10,21.90,6.90,27.00
2019-06-07,25.80,18.80,0.00,22.40
2019-06-08,27.40,17.80,0.00,17.00
2019-06-09,27.90,19.40,0.00,17.00
2019-06-10,28.20,19.90,4.20,13.40
2019-06-11,24.60,18.60,1.90,17.30
2019-06-12,25.00,17.60,0.00,16.00
2019-06-13,23.00,18.70,4.50,16.70
2019-06-14,26.10,17.70,0.60,22.40
2019-06-15,30.40,15.00,0.00,17.80
2019-06-16,31.90,21.10,0.00,11.90
2019-06-17,30.90,22.20,0.20,25.70
2019-06-18,24.00,20.50,47.70,19.60
2019-06-19,25.90,20.90,0.40,16.10
2019-06-20,25.00,19.50,6.50,14.70
2019-06-21,24.90,20.40,62.60,16.60
2019-06-22,25.20,19.30,0.00,15.30
2019-06-23,25.50,18.40,0.00,16.60
2019-06-24,26.20,18.10,0.00,19.40
2019-06-25,25.30,19.80,10.00,18.90
2019-06-26,25.00,19.90,7.00,13.40
2019-06-27,27.60,20.90,2.10,12.70
2019-06-28,32.00,22.20,0.90,12.90
2019-06-29,30.50,24.60,10.20,27.10
2019-06-30,26.60,23.10,45.10,9.80
2019-07-01,26.50,22.10,15.50,15.80
2019-07-02,25.90,21.90,3.00,16.90
2019-07-03,26.50,20.80,3.70,19.20
2019-07-04,26.80,19.90,0.00,12.90
2019-07-05,28.00,20.90,0.00,10.20
2019-07-06,29.80,21.10,8.20,17.60
2019-07-07,29.80,22.90,1.00,20.60
2019-07-08,29.60,21.00,0.80,13.70
2019-07-09,23.60,22.40,19.30,19.30
2019-07-10,25.70,22.00,10.70,18.50
2019-07-11,28.50,20.20,7.30,8.40
2019-07-12,27.10,22.00,23.30,18.60
2019-07-13,24.60,21.60,54.00,21.40
2019-07-14,28.40,19.60,2.00,11.70
2019-07-15,28.90,20.40,0.00,16.70
2019-07-16,26.80,22.10,2.70,18.50
2019-07-17,30.10,24.60,6.10,19.80
2019-07-18,29.80,25.10,2.40,23.00
2019-07-19,28.50,24.90,2.50,28.20
2019-07-20,30.50,24.00,0.70,16.30
2019-07-21,32.20,24.70,0.20,14.40
2019-07-22,32.60,26.20,1.60,15.50
2019-07-23,34.30,26.30,1.80,17.20
2019-07-24,33.80,27.20,2.00,12.60
2019-07-25,34.90,27.60,2.60,11.20
2019-07-26,34.20,27.80,3.90,10.70
2019-07-27,34.10,28.20,14.90,15.30
2019-07-28,32.60,27.50,0.00,21.00
2019-07-29,33.80,26.90,0.00,19.60
2019-07-30,34.30,27.10,0.00,19.10
2019-07-31,33.20,26.90,0.00,19.60
2019-08-01,33.30,26.30,0.00,23.60
2019-08-02,32.30,25.90,0.20,21.10
2019-08-03,30.80,25.00,2.50,22.50
2019-08-04,29.90,25.60,15.80,19.80
2019-08-05,31.20,25.20,1.00,18.30
2019-08-06,31.40,24.90,0.70,17.50
2019-08-07,32.30,24.40,0.10,21.10
2019-08-08,31.90,26.60,0.70,24.80
2019-08-09,30.00,26.40,26.50,40.80
2019-08-10,28.50,26.50,67.10,46.40
2019-08-11,31.40,26.40,21.70,34.90
2019-08-12,32.20,24.80,0.00,21.00
2019-08-13,32.40,24.80,6.70,11.10
2019-08-14,33.00,24.40,1.60,15.30
2019-08-15,30.80,24.80,2.00,18.30
2019-08-16,31.90,24.10,0.10,10.20
2019-08-17,34.20,23.80,0.00,10.30
2019-08-18,30.70,25.30,7.10,19.70
2019-08-19,29.40,24.80,0.60,17.30
2019-08-20,28.90,23.50,0.10,14.50
2019-08-21,31.40,23.10,0.00,12.00
2019-08-22,31.00,23.10,0.40,12.60
2019-08-23,30.80,25.10,1.90,16.00
2019-08-24,30.00,25.60,8.50,16.30
2019-08-25,30.50,26.00,8.20,17.90
2019-08-26,32.50,26.40,3.60,14.40
2019-08-27,34.50,26.20,13.40,15.80
2019-08-28,31.00,25.40,6.50,20.30
2019-08-29,25.20,19.30,68.70,14.00
2019-08-30,28.00,17.30,1.30,10.90
2019-08-31,28.00,22.20,1.80,18.20
2019-09-01,22.90,19.60,62.00,18.30
2019-09-02,25.00,21.90,58.60,23.70
2019-09-03,26.90,22.10,81.90,17.30
2019-09-04,27.90,22.00,13.00,11.30
2019-09-05,28.50,23.00,28.10,15.00
2019-09-06,27.40,23.70,10.40,28.50
2019-09-07,28.80,22.20,0.00,23.30
2019-09-08,28.90,20.50,0.50,16.80
2019-09-09,28.50,22.20,0.90,18.60
2019-09-10,30.60,22.70,0.70,9.10
2019-09-11,29.60,23.50,0.90,16.90
2019-09-12,29.60,23.40,1.10,19.00
2019-09-13,29.50,22.10,0.00,13.80
2019-09-14,29.00,23.00,0.00,14.50
2019-09-15,28.00,21.50,1.20,21.50
2019-09-16,27.10,21.10,0.00,21.80
2019-09-17,27.60,22.00,0.30,18.10
2019-09-18,27.10,21.30,0.00,28.00
2019-09-19,25.20,19.60,0.00,22.90
2019-09-20,25.00,19.50,0.00,22.70
2019-09-21,22.50,20.70,9.10,35.40
2019-09-22,24.10,20.40,1.50,37.50
2019-09-23,25.70,17.90,0.00,20.80
2019-09-24,26.50,15.40,0.00,12.30
2019-09-25,25.50,15.60,0.00,11.40
2019-09-26,26.00,17.50,0.00,16.10
2019-09-27,25.50,17.20,0.00,10.50
2019-09-28,26.60,18.40,0.50,13.80
2019-09-29,26.50,19.10,0.20,15.70
2019-09-30,25.90,19.60,1.70,15.80
2019-10-01,24.60,23.00,85.90,51.50
2019-10-02,27.20,21.40,11.30,35.80
2019-10-03,28.00,18.40,0.90,8.90
2019-10-04,27.40,20.40,1.80,14.20
2019-10-05,24.80,19.40,0.50,24.00
2019-10-06,24.00,18.80,0.00,14.60
2019-10-07,24.90,17.60,0.00,16.40
2019-10-08,20.40,15.90,0.00,13.50
2019-10-09,22.70,16.20,0.00,14.80
2019-10-10,26.20,16.60,0.00,12.00
2019-10-11,25.80,18.40,0.40,18.40
2019-10-12,24.60,19.60,0.00,19.10
2019-10-13,23.70,18.60,1.00,10.70
2019-10-14,23.00,17.10,1.10,25.90
2019-10-15,18.50,14.50,0.00,23.50
2019-10-16,20.90,14.60,0.00,14.90
2019-10-17,21.10,15.60,0.00,15.50
2019-10-18,21.50,14.80,0.00,19.80
2019-10-19,22.00,13.80,0.00,14.80
2019-10-20,22.10,13.20,0.00,12.00
2019-10-21,21.40,13.50,0.00,13.20
2019-10-22,21.40,15.00,0.00,13.70
2019-10-23,23.00,16.50,0.20,17.50
2019-10-24,23.10,15.80,0.00,17.60
2019-10-25,22.00,14.30,0.50,15.20
2019-10-26,19.70,13.90,0.00,18.80
2019-10-27,16.80,10.60,0.00,8.10
2019-10-28,20.80,8.10,0.00,12.70
2019-10-29,21.10,9.60,0.00,18.50
2019-10-30,21.60,11.60,0.00,9.70
2019-10-31,22.40,9.60,0.00,10.90
2019-11-01,23.60,10.90,0.00,12.60
2019-11-02,22.30,13.00,0.00,13.90
2019-11-03,21.50,14.90,2.20,14.20
2019-11-04,21.00,14.20,0.10,20.30
2019-11-05,20.10,11.60,0.00,15.90
2019-11-06,20.00,10.60,0.00,12.20
2019-11-07,18.50,14.10,0.50,16.20
2019-11-08,17.70,10.80,0.00,16.90
2019-11-09,17.90,8.20,0.00,11.80
2019-11-10,21.50,7.70,0.00,23.70
2019-11-11,21.20,7.00,0.00,12.60
2019-11-12,20.00,9.70,0.10,15.00
2019-11-13,21.40,13.60,0.90,26.90
2019-11-14,16.80,9.30,0.00,20.90
2019-11-15,20.20,8.40,0.00,17.40
2019-11-16,23.50,12.10,0.00,17.70
2019-11-17,24.90,16.20,0.00,22.20
2019-11-18,17.20,6.80,0.40,32.60
2019-11-19,13.20,4.60,0.00,17.90
2019-11-20,14.80,6.80,0.00,17.20
2019-11-21,17.80,11.60,0.10,15.00
2019-11-22,21.40,11.20,1.10,15.50
2019-11-23,21.00,15.40,3.70,15.30
2019-11-24,21.80,13.20,2.10,28.90
2019-11-25,12.60,7.80,0.40,30.70
2019-11-26,13.30,7.20,1.50,13.70
2019-11-27,11.10,9.00,8.00,21.60
2019-11-28,10.50,8.20,0.10,22.50
2019-11-29,12.20,7.20,0.20,17.60
2019-11-30,14.10,10.10,8.90,11.30
2019-12-01,12.80,6.40,13.90,26.10
2019-12-02,10.20,2.30,0.00,22.20
2019-12-03,9.90,-0.30,0.00,10.50
2019-12-04,12.20,-1.00,0.00,13.10
2019-12-05,12.80,4.50,0.00,16.80
2019-12-06,10.10,3.20,0.00,23.40
2019-12-07,9.60,1.50,0.00,14.90
2019-12-08,11.40,0.30,0.00,9.30
2019-12-09,15.40,2.00,0.00,11.50
2019-12-10,17.40,4.20,0.00,10.10
2019-12-11,14.10,5.40,0.00,18.60
2019-12-12,12.40,4.20,0.00,13.40
2019-12-13,16.00,4.70,0.00,17.00
2019-12-14,15.20,5.40,0.00,23.50
2019-12-15,17.00,8.90,0.00,18.20
2019-12-16,20.80,12.20,0.00,15.90
2019-12-17,14.20,9.00,7.40,18.50
2019-12-18,9.70,5.60,3.50,20.80
2019-12-19,9.00,4.80,3.40,17.40
2019-12-20,10.10,3.70,0.40,18.10
2019-12-21,10.40,8.60,18.80,18.90
2019-12-22,11.90,6.00,10.80,17.00
2019-12-23,12.80,5.20,5.60,20.40
2019-12-24,10.90,9.60,6.80,17.70
2019-12-25,14.90,10.40,8.10,13.50
2019-12-26,12.90,5.10,1.40,28.10
2019-12-27,7.50,0.60,0.00,16.30
2019-12-28,12.40,-0.60,0.00,15.30
2019-12-29,15.60,8.80,2.20,13.70
2019-12-30,13.00,5.80,0.00,26.30
2019-12-31,6.20,1.00,0.00,29.20
2020-01-01,9.70,-1.20,0.00,11.00
2020-01-02,12.80,6.80,0.00,10.00
2020-01-03,11.10,6.80,1.70,12.90
2020-01-04,10.40,8.10,2.00,13.50
2020-01-05,13.00,8.10,0.10,17.60
2020-01-06,21.60,13.10,0.40,20.40
2020-01-07,18.50,6.10,1.40,33.20
2020-01-08,7.80,4.00,0.00,26.40
2020-01-09,6.40,4.60,4.20,15.10
2020-01-10,9.60,6.60,14.90,17.60
2020-01-11,8.00,5.30,4.40,17.70
2020-01-12,7.20,0.70,0.00,19.90
2020-01-13,7.70,2.50,0.00,7.90
2020-01-14,7.80,1.80,0.00,19.70
2020-01-15,8.40,1.20,4.10,16.80
2020-01-16,7.60,5.90,17.60,18.90
2020-01-17,7.80,4.10,0.20,19.70
2020-01-18,6.40,2.30,0.00,11.70
2020-01-19,9.10,0.60,0.00,11.80
2020-01-20,10.40,-0.10,0.00,13.70
2020-01-21,13.20,1.90,0.50,20.20
2020-01-22,10.10,7.50,24.90,12.60
2020-01-23,12.10,6.90,13.40,17.30
2020-01-24,10.10,7.80,8.80,22.80
2020-01-25,8.90,7.20,17.80,22.90
2020-01-26,10.10,7.30,24.40,24.90
2020-01-27,8.10,3.00,6.10,27.30
2020-01-28,8.10,1.40,0.00,17.30
2020-01-29,9.40,0.40,0.00,27.80
2020-01-30,6.90,-0.20,0.00,24.80
2020-01-31,8.40,-2.20,0.00,19.30
2020-02-01,11.00,-0.80,0.00,9.90
2020-02-02,12.80,0.30,0.00,10.50
2020-02-03,11.10,3.80,0.00,18.80
2020-02-04,11.40,2.30,0.00,14.90
2020-02-05,10.40,1.40,0.00,25.30
2020-02-06,6.70,3.20,8.60,21.60
2020-02-07,7.80,4.80,6.60,16.70
2020-02-08,8.40,3.80,0.00,16.60
2020-02-09,11.40,0.20,0.00,13.70
2020-02-10,15.40,0.40,0.00,15.60
2020-02-11,12.20,8.80,9.40,20.00
2020-02-12,16.40,6.90,1.20,15.70
2020-02-13,17.80,6.20,8.30,21.70
2020-02-14,18.50,10.40,1.90,15.50
2020-02-15,14.90,1.50,13.50,29.40
2020-02-16,5.80,-1.50,2.90,31.40
2020-02-17,8.10,-2.60,0.00,33.10
2020-02-18,7.80,-2.30,0.00,11.20
2020-02-19,11.60,-0.70,0.00,16.70
2020-02-20,14.10,2.10,0.00,17.50
2020-02-21,17.40,4.40,0.00,21.20
2020-02-22,16.50,5.40,0.00,18.00
2020-02-23,14.20,2.90,0.00,18.40
2020-02-24,19.70,8.90,0.00,18.70
2020-02-25,22.60,8.60,0.00,19.70
2020-02-26,10.90,6.90,0.40,20.10
2020-02-27,11.10,5.40,0.00,17.80
2020-02-28,14.40,8.30,2.70,17.00
2020-02-29,11.60,8.60,4.90,10.50
2020-03-01,11.60,8.10,1.20,20.40
2020-03-02,10.40,6.00,0.00,19.10
2020-03-03,11.80,6.20,1.00,11.20
2020-03-04,11.10,5.20,0.00,21.80
2020-03-05,9.40,2.80,0.00,15.20
2020-03-06,13.90,1.70,4.20,21.30
2020-03-07,15.60,7.70,0.00,15.60
2020-03-08,15.10,6.30,2.20,20.90
2020-03-09,14.80,11.10,28.20,20.90
2020-03-10,13.00,5.90,0.70,31.60
2020-03-11,15.00,4.00,0.00,13.90
2020-03-12,16.40,7.60,8.20,31.70
2020-03-13,13.60,8.00,0.80,19.80
2020-03-14,14.10,5.60,0.00,17.70
2020-03-15,18.50,5.30,0.00,21.70
2020-03-16,14.90,7.00,0.00,19.60
2020-03-17,21.60,9.30,0.00,15.20
2020-03-18,23.20,9.10,0.00,15.90
2020-03-19,17.80,6.90,0.00,27.00
2020-03-20,18.00,4.90,0.00,25.80
2020-03-21,25.20,10.20,4.80,17.10
2020-03-22,18.00,10.20,4.50,22.50
2020-03-23,15.90,8.30,0.00,17.90
2020-03-24,18.90,6.80,0.00,18.00
2020-03-25,21.00,10.70,7.70,27.90
2020-03-26,22.80,16.10,13.50,18.30
2020-03-27,17.90,7.80,15.30,29.20
2020-03-28,9.10,5.30,15.60,26.70
2020-03-29,9.80,5.60,7.20,15.50
2020-03-30,12.30,8.90,7.80,18.10
2020-03-31,15.60,8.60,3.10,16.60
2020-04-01,16.10,8.60,0.40,20.90
2020-04-02,14.90,7.30,0.00,16.50
2020-04-03,15.50,8.70,0.00,13.60
2020-04-04,18.70,5.90,0.00,17.80
2020-04-05,13.90,6.70,0.00,17.10
2020-04-06,13.70,5.20,0.00,11.10
2020-04-07,18.50,3.50,0.00,9.30
2020-04-08,21.40,6.50,0.00,14.40
2020-04-09,18.90,8.60,0.00,18.50
2020-04-10,18.30,10.60,0.00,21.10
2020-04-11,12.90,8.60,11.20,22.70
2020-04-12,17.90,5.50,0.30,27.40
2020-04-13,17.50,6.80,0.00,23.00
2020-04-14,19.50,6.30,0.00,14.20
2020-04-15,22.50,12.10,0.00,17.00
2020-04-16,25.10,12.50,0.00,24.60
2020-04-17,19.80,13.90,1.00,23.80
2020-04-18,17.80,12.10,3.80,15.20
2020-04-19,18.10,12.10,15.80,31.10
2020-04-20,21.00,9.50,4.60,14.60
2020-04-21,14.60,10.90,5.60,19.50
2020-04-22,18.70,8.60,0.30,12.40
2020-04-23,17.50,10.60,0.00,19.50
2020-04-24,21.30,8.40,0.00,18.60
2020-04-25,24.90,11.40,0.00,22.90
2020-04-26,19.70,13.20,0.10,20.30
2020-04-27,17.90,10.30,2.10,26.10
2020-04-28,20.10,5.80,0.00,18.90
2020-04-29,24.80,12.20,0.00,19.70
2020-04-30,30.20,15.90,0.00,18.10
2020-05-01,25.40,19.80,1.90,17.20
2020-05-02,28.20,19.70,4.00,21.50
2020-05-03,33.00,20.60,0.80,19.40
2020-05-04,24.00,17.60,0.00,19.90
2020-05-05,23.00,17.40,5.20,19.20
2020-05-06,22.40,16.60,0.40,16.10
2020-05-07,24.40,16.50,1.90,22.90
2020-05-08,26.60,19.10,8.20,39.00
2020-05-09,24.80,17.00,1.10,17.90
2020-05-10,23.30,16.60,5.50,14.90
2020-05-11,26.10,14.60,0.00,22.00
2020-05-12,27.90,13.30,0.00,21.70
2020-05-13,27.30,15.00,0.00,18.40
2020-05-14,25.00,16.50,4.10,31.10
2020-05-15,27.10,21.00,16.30,23.00
2020-05-16,25.00,20.00,5.60,10.90
2020-05-17,28.80,20.50,1.40,13.80
2020-05-18,28.70,17.40,0.10,29.80
2020-05-19,27.10,12.90,0.00,17.80
2020-05-20,28.80,15.90,0.00,16.80
2020-05-21,26.40,18.20,0.00,24.20
2020-05-22,26.40,16.00,0.00,17.10
2020-05-23,27.90,16.70,0.00,20.70
2020-05-24,30.10,18.80,0.10,21.10
2020-05-25,25.00,20.20,2.50,15.20
2020-05-26,21.90,17.20,13.70,15.80
2020-05-27,26.30,14.30,0.00,13.10
2020-05-28,31.50,19.10,0.10,11.90
2020-05-29,27.50,19.00,11.70,15.50
2020-05-30,19.20,15.90,23.80,25.70
2020-05-31,27.00,16.60,0.00,16.30
2020-06-01,29.00,20.10,0.00,15.90
2020-06-02,31.50,19.80,0.00,16.50
2020-06-03,27.50,21.90,19.10,12.20
2020-06-04,30.60,20.60,0.00,14.40
2020-06-05,26.50,20.90,4.50,21.50
2020-06-06,26.20,19.50,4.10,21.30
2020-06-07,27.00,18.00,0.00,17.90
2020-06-08,27.50,19.50,0.10,22.50
2020-06-09,28.20,22.80,1.40,17.40
2020-06-10,27.50,22.60,9.00,10.90
2020-06-11,28.40,22.80,6.30,13.10
2020-06-12,32.10,23.70,17.90,17.40
2020-06-13,33.30,25.30,0.40,14.50
2020-06-14,31.00,26.00,5.30,13.40
2020-06-15,26.40,24.10,45.50,15.00
2020-06-16,24.60,21.00,15.70,22.80
2020-06-17,31.40,21.00,1.60,13.80
2020-06-18,31.90,21.60,6.60,26.40
2020-06-19,26.40,20.60,0.20,14.80
2020-06-20,25.50,20.00,6.60,13.00
2020-06-21,25.60,19.50,16.80,20.40
2020-06-22,25.70,20.50,1.10,21.20
2020-06-23,28.50,22.50,9.90,22.50
2020-06-24,29.50,23.80,22.50,17.90
2020-06-25,25.80,22.40,25.70,8.20
2020-06-26,30.30,21.70,1.00,16.60
2020-06-27,27.80,24.40,29.30,13.20
2020-06-28,28.00,23.70,18.10,16.00
2020-06-29,30.00,23.00,17.40,30.10
2020-06-30,27.90,19.10,0.00,13.10
2020-07-01,27.50,21.10,0.00,16.90
2020-07-02,25.60,22.00,23.80,21.60
2020-07-03,29.90,22.50,64.70,23.20
2020-07-04,25.90,21.10,0.80,13.80
2020-07-05,26.60,21.50,46.60,23.60
2020-07-06,26.90,23.90,41.80,27.60
2020-07-07,32.00,25.00,36.90,27.00
2020-07-08,30.00,23.50,6.30,9.70
2020-07-09,27.50,23.90,6.30,19.10
2020-07-10,28.10,23.40,2.60,17.50
2020-07-11,28.20,23.80,23.40,13.80
2020-07-12,35.60,24.60,0.10,17.10
2020-07-13,28.10,23.50,5.20,16.00
2020-07-14,25.90,22.90,5.40,10.00
2020-07-15,23.10,20.60,54.60,14.90
2020-07-16,25.40,20.50,27.40,14.10
2020-07-17,25.20,20.30,17.70,17.80
2020-07-18,31.20,23.60,0.80,13.90
2020-07-19,34.40,25.30,0.00,22.70
2020-07-20,26.00,23.60,6.70,8.60
2020-07-21,31.10,23.80,0.70,12.10
2020-07-22,34.20,25.30,1.10,16.80
2020-07-23,33.30,25.10,4.20,27.80
2020-07-24,27.70,22.10,1.30,21.60
2020-07-25,30.40,20.90,0.50,11.00
2020-07-26,29.10,22.50,9.40,12.20
2020-07-27,30.50,24.50,15.80,16.10
2020-07-28,32.20,25.70,7.30,10.40
2020-07-29,32.00,26.20,0.00,18.90
2020-07-30,32.50,26.50,0.00,22.20
2020-07-31,31.30,26.90,0.00,23.90
2020-08-01,32.90,27.00,0.00,22.30
2020-08-02,33.20,26.50,0.00,23.50
2020-08-03,32.80,26.40,0.00,27.20
2020-08-04,30.10,26.40,24.40,42.30
2020-08-05,32.10,25.80,23.20,35.80
2020-08-06,32.20,26.90,1.10,18.40
2020-08-07,33.80,27.40,9.60,16.10
2020-08-08,32.00,27.00,8.00,20.00
2020-08-09,33.80,27.10,5.80,20.90
2020-08-10,32.20,27.00,0.80,13.80
2020-08-11,33.20,26.60,0.30,19.40
2020-08-12,33.90,27.10,0.00,22.80
2020-08-13,35.20,27.10,0.00,16.90
2020-08-14,36.00,27.10,0.00,13.10
2020-08-15,34.60,26.80,0.00,19.30
2020-08-16,34.90,26.40,0.00,19.30
2020-08-17,34.50,26.50,0.00,19.20
2020-08-18,34.20,26.20,0.00,18.60
2020-08-19,35.10,26.00,0.00,18.60
2020-08-20,35.80,25.20,0.00,16.10
2020-08-21,34.00,24.70,0.00,19.50
2020-08-22,33.20,24.50,0.40,17.60
2020-08-23,33.40,24.60,0.00,16.60
2020-08-24,35.50,24.00,0.10,16.90
2020-08-25,35.70,25.60,0.00,23.90
2020-08-26,33.80,26.50,6.90,32.40
2020-08-27,33.20,25.30,2.50,11.90
2020-08-28,30.50,25.40,20.20,18.40
2020-08-29,30.00,25.40,10.10,17.40
2020-08-30,32.10,24.60,0.60,13.60
2020-08-31,31.70,25.60,0.50,17.10
2020-09-01,30.50,26.50,0.80,25.20
2020-09-02,29.00,24.10,7.80,26.60
2020-09-03,29.30,20.60,0.00,16.90
2020-09-04,30.60,21.00,0.00,12.00
2020-09-05,29.90,19.50,0.00,16.70
2020-09-06,29.40,20.00,0.00,25.70
2020-09-07,32.40,22.10,0.00,22.60
2020-09-08,33.20,22.00,0.30,21.50
2020-09-09,31.10,22.10,0.10,13.50
2020-09-10,31.30,22.10,4.30,15.80
2020-09-11,24.90,22.40,19.20,12.20
2020-09-12,27.10,20.00,1.50,12.00
2020-09-13,27.20,20.70,1.40,12.30
2020-09-14,26.20,19.90,3.00,9.30
2020-09-15,23.80,21.20,21.80,11.80
2020-09-16,28.00,22.00,4.40,9.80
2020-09-17,23.10,19.50,56.40,19.30
2020-09-18,19.90,16.30,12.00,18.40
2020-09-19,23.50,15.90,0.10,9.20
2020-09-20,25.80,17.60,0.00,14.70
2020-09-21,25.10,19.60,0.00,9.00
2020-09-22,25.30,18.50,0.50,16.80
2020-09-23,21.80,19.80,4.40,12.70
2020-09-24,25.10,18.40,0.10,21.00
2020-09-25,25.20,17.50,0.50,16.40
2020-09-26,25.30,18.90,0.30,17.70
2020-09-27,24.60,19.50,1.00,16.60
2020-09-28,25.20,19.00,0.20,14.00
2020-09-29,25.00,18.90,0.10,11.90
2020-09-30,24.80,18.70,0.00,18.30
2020-10-01,25.50,17.40,0.10,10.90
2020-10-02,27.50,19.00,0.00,12.00
2020-10-03,24.80,19.80,4.10,14.40
2020-10-04,24.00,17.70,26.40,27.60
2020-10-05,21.20,16.20,0.30,22.00
2020-10-06,21.80,16.80,0.00,18.10
2020-10-07,21.20,17.10,0.00,21.70
2020-10-08,23.60,16.70,0.00,24.50
2020-10-09,22.90,16.70,0.00,16.20
2020-10-10,23.10,14.90,0.00,13.70
2020-10-11,23.10,13.90,0.00,11.50
2020-10-12,23.40,16.30,0.00,16.60
2020-10-13,22.30,16.40,0.00,20.70
2020-10-14,22.50,15.40,0.00,25.20
2020-10-15,20.80,16.80,1.90,22.70
2020-10-16,17.70,14.90,6.60,14.80
2020-10-17,20.60,13.40,0.00,15.90
2020-10-18,20.70,14.00,0.00,15.40
2020-10-19,20.30,13.60,0.00,13.90
2020-10-20,20.70,13.60,0.00,17.90
2020-10-21,18.30,15.60,5.90,13.60
2020-10-22,20.50,13.90,0.10,23.50
2020-10-23,18.80,11.40,0.00,21.70
2020-10-24,18.40,9.20,0.00,15.10
2020-10-25,20.00,9.00,0.00,11.20
2020-10-26,22.30,12.30,0.00,14.20
2020-10-27,20.40,13.40,0.00,16.20
2020-10-28,20.80,16.20,0.00,16.60
2020-10-29,20.80,13.60,0.00,16.50
2020-10-30,19.70,12.50,0.00,18.40
2020-10-31,21.00,12.00,0.00,15.60
2020-11-01,22.20,13.40,3.40,10.60
2020-11-02,20.10,13.20,1.80,18.30
2020-11-03,17.00,10.60,0.00,22.90
2020-11-04,16.60,9.40,0.00,13.40
2020-11-05,19.40,9.40,0.00,15.30
2020-11-06,23.80,12.10,0.00,9.80
2020-11-07,22.90,14.40,0.00,13.70
2020-11-08,20.30,12.20,0.00,20.20
2020-11-09,17.20,10.30,0.00,13.40
2020-11-10,17.70,9.10,0.00,12.00
2020-11-11,18.00,9.30,0.00,16.60
2020-11-12,20.10,9.00,0.00,15.60
2020-11-13,18.80,10.90,0.00,18.40
2020-11-14,19.90,11.90,0.00,19.50
2020-11-15,21.50,14.40,0.00,18.30
2020-11-16,20.70,13.80,0.90,18.10
2020-11-17,24.80,16.90,0.10,27.10
2020-11-18,26.40,19.60,0.90,35.70
2020-11-19,21.90,16.50,3.30,17.60
2020-11-20,17.00,13.20,2.70,23.20
2020-11-21,18.10,13.10,1.60,17.00
2020-11-22,16.50,11.80,5.10,26.90
2020-11-23,13.40,10.40,0.50,18.40
2020-11-24,12.90,10.10,2.10,13.50
2020-11-25,15.90,11.50,11.30,13.00
2020-11-26,15.70,12.20,10.60,16.70
2020-11-27,13.40,10.20,1.40,21.80
2020-11-28,12.00,7.90,0.00,19.90
2020-11-29,11.10,5.70,0.00,15.60
2020-11-30,12.80,6.20,0.00,17.70
2020-12-01,13.90,7.30,0.00,17.70
2020-12-02,12.90,7.90,0.00,16.20
2020-12-03,11.60,5.40,0.00,26.40
2020-12-04,10.10,4.20,0.00,19.90
2020-12-05,10.90,3.50,0.00,12.60
2020-12-06,14.60,4.80,0.00,13.40
2020-12-07,13.40,8.20,0.80,18.10
2020-12-08,10.10,5.70,0.00,20.00
2020-12-09,13.90,5.10,0.00,12.60
2020-12-10,13.90,7.40,0.00,15.10
2020-12-11,10.90,7.20,0.20,11.30
2020-12-12,11.10,3.80,0.00,18.40
2020-12-13,12.20,2.50,1.20,26.70
2020-12-14,5.90,1.60,2.80,26.60
2020-12-15,5.90,-0.20,0.00,18.20
2020-12-16,6.60,-1.10,0.00,19.20
2020-12-17,8.40,0.80,0.00,13.30
2020-12-18,7.40,4.80,0.60,16.00
2020-12-19,8.30,1.50,0.10,21.80
2020-12-20,8.10,0.90,0.00,13.80
2020-12-21,8.40,-0.80,0.00,9.60
2020-12-22,10.50,-1.50,0.00,10.20
2020-12-23,12.60,2.50,0.20,12.40
2020-12-24,12.50,3.50,0.30,23.80
2020-12-25,9.90,1.40,0.00,10.50
2020-12-26,12.90,1.80,0.60,13.70
2020-12-27,14.10,5.80,0.70,14.90
2020-12-28,14.90,3.80,0.00,12.40
2020-12-29,16.40,0.60,6.50,39.20
2020-12-30,-0.20,-6.20,0.10,35.90
2020-12-31,0.30,-7.80,0.00,21.50
2021-01-01,4.00,-7.50,0.00,11.90
2021-01-02,6.40,-5.40,0.00,12.10
2021-01-03,10.00,0.10,0.00,22.90
2021-01-04,12.90,5.50,1.10,17.70
2021-01-05,8.50,3.90,0.00,29.90
2021-01-06,5.80,1.40,0.00,19.40
2021-01-07,1.40,-7.60,0.00,29.30
2021-01-08,-1.20,-8.80,0.00,23.40
2021-01-09,2.80,-7.50,0.00,18.40
2021-01-10,4.70,-7.30,0.00,14.80
2021-01-11,6.00,-3.80,0.00,19.90
2021-01-12,9.10,-4.60,0.00,20.30
2021-01-13,15.60,0.10,0.00,18.00
2021-01-14,17.70,-1.00,0.00,19.40
2021-01-15,19.10,5.10,0.00,23.40
2021-01-16,6.30,0.80,0.00,26.60
2021-01-17,5.50,-2.00,0.00,18.40
2021-01-18,11.20,-3.00,0.00,15.40
2021-01-19,11.30,-0.10,0.00,21.70
2021-01-20,15.70,3.60,0.00,26.20
2021-01-21,19.00,10.40,0.40,15.10
2021-01-22,10.80,7.60,8.00,15.60
2021-01-23,8.40,5.40,0.50,22.20
2021-01-24,11.50,2.80,0.00,17.20
2021-01-25,14.80,6.30,0.00,17.00
2021-01-26,9.80,6.40,4.70,18.60
2021-01-27,9.60,4.30,0.00,15.70
2021-01-28,10.90,0.90,0.20,29.70
2021-01-29,8.50,-2.20,0.00,14.20
2021-01-30,13.80,0.60,0.00,16.00
2021-01-31,17.80,7.90,1.00,16.30
2021-02-01,11.60,8.20,8.20,12.80
2021-02-02,8.80,2.60,0.00,17.30
2021-02-03,13.10,1.50,0.00,24.80
2021-02-04,10.60,4.10,0.00,17.30
2021-02-05,11.10,4.00,7.30,14.20
2021-02-06,16.90,4.40,0.00,14.80
2021-02-07,18.50,3.80,0.00,20.50
2021-02-08,8.50,3.20,0.00,22.10
2021-02-09,9.80,1.20,0.00,15.70
2021-02-10,12.70,4.10,0.00,13.00
2021-02-11,9.90,6.70,16.80,15.70
2021-02-12,11.70,7.10,0.30,15.50
2021-02-13,15.10,8.00,0.00,15.00
2021-02-14,19.30,8.40,0.20,17.20
2021-02-15,11.40,3.80,0.00,22.70
2021-02-16,13.50,3.50,0.00,20.50
2021-02-17,7.30,0.30,0.00,18.30
2021-02-18,7.50,-1.40,0.00,22.80
2021-02-19,17.30,-1.50,0.00,19.60
2021-02-20,22.60,6.40,0.00,20.80
2021-02-21,23.20,7.60,0.00,17.30
2021-02-22,24.90,7.80,0.00,31.10
2021-02-23,11.40,6.20,0.00,22.90
2021-02-24,13.10,5.70,0.00,19.20
2021-02-25,16.90,9.60,7.30,26.30
2021-02-26,9.80,8.90,12.30,27.70
2021-02-27,11.90,9.40,5.30,22.80
2021-02-28,15.10,10.40,0.70,22.10
2021-03-01,15.80,4.80,13.10,28.10
2021-03-02,9.80,3.20,0.50,25.50
2021-03-03,10.40,4.30,0.60,16.30
2021-03-04,14.80,6.20,7.60,19.60
2021-03-05,12.80,4.90,0.20,12.10
2021-03-06,10.60,7.60,2.10,26.80
2021-03-07,9.90,7.10,4.40,19.90
2021-03-08,12.40,7.90,0.90,17.40
2021-03-09,10.20,7.60,1.40,12.20
2021-03-10,14.70,4.50,0.00,17.70
2021-03-11,13.40,7.60,8.30,17.00
2021-03-12,13.70,6.30,0.20,20.70
2021-03-13,14.10,4.40,0.60,16.60
2021-03-14,16.40,5.00,0.00,15.70
2021-03-15,23.00,10.30,8.50,20.80
2021-03-16,15.40,8.60,22.30,24.10
2021-03-17,10.90,8.10,1.30,15.10
2021-03-18,14.70,8.70,0.80,14.30
2021-03-19,13.30,11.20,6.50,14.80
2021-03-20,12.10,8.10,1.30,23.10
2021-03-21,13.60,6.80,0.00,22.90
2021-03-22,13.90,2.20,0.00,11.80
2021-03-23,15.90,4.10,0.00,21.30
2021-03-24,18.40,9.30,0.00,18.10
2021-03-25,20.90,6.60,0.00,14.90
2021-03-26,21.00,7.40,0.00,26.30
2021-03-27,22.20,14.40,2.40,24.30
2021-03-28,23.30,10.60,0.30,15.50
2021-03-29,24.00,12.10,0.90,18.50
2021-03-30,17.30,11.90,0.30,22.70
2021-03-31,16.00,12.10,5.30,19.00
2021-04-01,18.90,14.20,4.60,14.70
2021-04-02,22.00,14.10,1.40,13.00
2021-04-03,19.10,10.90,0.50,22.80
2021-04-04,15.60,8.70,0.00,27.80
2021-04-05,15.90,6.90,0.00,18.00
2021-04-06,17.60,10.10,0.00,14.80
2021-04-07,16.40,9.80,9.30,11.60
2021-04-08,17.90,9.90,2.60,15.90
2021-04-09,16.90,7.20,0.00,19.70
2021-04-10,18.00,7.80,0.10,25.30
2021-04-11,16.60,13.40,22.70,21.30
2021-04-12,20.10,14.70,20.00,19.80
2021-04-13,18.00,10.90,0.00,21.10
2021-04-14,14.40,9.20,0.00,17.30
2021-04-15,17.10,8.50,0.00,15.50
2021-04-16,22.90,9.80,0.20,12.30
2021-04-17,18.80,9.70,0.00,25.50
2021-04-18,18.50,6.40,0.00,11.50
2021-04-19,20.40,7.80,0.00,17.20
2021-04-20,20.10,10.10,0.00,22.20
2021-04-21,22.40,14.20,1.10,26.00
2021-04-22,23.40,15.60,8.00,27.30
2021-04-23,23.00,16.70,0.70,14.00
2021-04-24,19.60,16.20,3.10,12.70
2021-04-25,22.00,14.30,0.20,17.90
2021-04-26,22.80,12.80,0.00,17.10
2021-04-27,20.50,14.60,14.10,14.80
2021-04-28,23.10,14.40,0.00,13.40
2021-04-29,26.30,13.40,0.00,25.90
2021-04-30,28.00,14.90,0.00,31.60
2021-05-01,23.10,14.20,0.00,21.00
2021-05-02,19.20,12.40,0.00,20.80
2021-05-03,23.30,12.10,0.00,31.90
2021-05-04,23.20,15.50,33.30,27.00
2021-05-05,24.50,12.60,0.00,15.00
2021-05-06,23.10,12.60,2.50,24.40
2021-05-07,27.70,16.40,0.00,21.50
2021-05-08,29.60,16.60,0.00,19.70
2021-05-09,31.50,19.40,0.00,18.70
2021-05-10,32.80,18.40,0.00,19.60
2021-05-11,26.90,20.50,19.00,10.50
2021-05-12,22.80,18.60,3.00,17.70
2021-05-13,22.80,18.40,7.90,16.10
2021-05-14,28.50,19.00,11.20,18.00
2021-05-15,33.50,23.40,0.20,19.80
2021-05-16,28.40,17.80,11.20,26.60
2021-05-17,22.60,14.90,1.90,14.50
2021-05-18,22.80,16.50,0.60,12.00
2021-05-19,21.80,14.60,10.90,18.10
2021-05-20,21.90,16.60,1.60,26.20
2021-05-21,24.20,14.90,0.00,15.60
2021-05-22,24.40,16.50,0.00,16.10
2021-05-23,20.30,16.10,30.80,22.60
2021-05-24,26.00,16.10,0.20,11.00
2021-05-25,28.50,19.30,0.00,15.90
2021-05-26,22.50,19.20,43.20,18.10
2021-05-27,28.40,18.60,0.00,13.80
2021-05-28,28.90,19.40,0.00,28.50
2021-05-29,27.20,16.40,0.00,19.90
2021-05-30,30.10,19.00,0.00,17.70
2021-05-31,27.00,18.50,0.00,15.80
2021-06-01,28.00,19.30,3.80,28.70
2021-06-02,23.20,20.60,13.40,25.40
2021-06-03,28.90,19.50,6.60,21.80
2021-06-04,26.10,17.40,2.90,17.50
2021-06-05,29.90,17.70,0.00,15.70
2021-06-06,30.50,18.00,0.00,14.80
2021-06-07,28.40,17.80,0.00,16.10
2021-06-08,29.40,20.70,1.20,16.10
2021-06-09,29.90,22.20,3.30,21.70
2021-06-10,26.00,23.50,39.40,20.60
2021-06-11,28.90,21.60,5.20,16.10
2021-06-12,28.40,21.80,4.30,15.90
2021-06-13,28.30,22.70,13.80,12.00
2021-06-14,27.60,22.60,12.30,14.10
2021-06-15,30.80,24.50,7.10,18.70
2021-06-16,28.10,23.00,0.10,17.50
2021-06-17,26.60,22.60,2.50,15.30
2021-06-18,27.80,22.20,11.90,16.80
2021-06-19,22.10,19.10,10.70,11.70
2021-06-20,26.40,18.50,0.20,12.80
2021-06-21,27.90,18.40,0.00,13.00
2021-06-22,29.20,18.30,0.00,13.70
2021-06-23,30.60,18.10,0.00,12.00
2021-06-24,30.20,21.00,0.00,15.90
2021-06-25,29.10,21.70,0.00,19.20
2021-06-26,28.00,23.50,12.10,16.70
2021-06-27,27.30,23.20,9.00,12.40
2021-06-28,27.50,22.50,1.70,18.60
2021-06-29,28.70,21.60,0.50,16.20
2021-06-30,28.50,22.50,0.00,14.90
2021-07-01,28.90,22.90,1.40,17.90
2021-07-02,27.50,24.00,5.90,19.20
2021-07-03,32.80,25.00,12.60,24.70
2021-07-04,27.80,23.60,14.70,14.80
2021-07-05,33.90,25.40,1.10,16.90
2021-07-06,33.00,26.20,0.00,19.40
2021-07-07,34.20,26.10,3.80,17.30
2021-07-08,32.30,23.90,9.70,17.10
2021-07-09,31.40,23.90,3.70,17.30
2021-07-10,31.50,25.50,4.80,20.90
2021-07-11,34.50,26.50,0.00,13.00
2021-07-12,35.00,27.00,0.00,18.80
2021-07-13,33.80,27.00,0.00,20.50
2021-07-14,34.00,26.80,0.00,20.90
2021-07-15,32.90,26.20,0.00,21.90
2021-07-16,31.80,25.90,0.00,21.70
2021-07-17,30.90,25.50,0.20,20.20
2021-07-18,31.90,24.00,0.00,18.40
2021-07-19,32.00,24.00,0.30,19.90
2021-07-20,31.60,26.10,0.50,22.70
2021-07-21,31.50,25.50,0.10,23.40
2021-07-22,31.00,26.20,1.20,30.00
2021-07-23,30.90,25.80,3.30,34.30
2021-07-24,27.20,25.50,35.80,34.30
2021-07-25,27.70,25.20,109.50,56.60
2021-07-26,26.50,25.20,83.70,51.00
2021-07-27,28.30,26.00,57.30,29.90
2021-07-28,29.90,25.90,33.80,28.60
2021-07-29,32.20,26.50,5.90,25.20
2021-07-30,32.60,24.60,0.00,10.80
2021-07-31,31.20,25.30,40.10,8.10
2021-08-01,29.80,26.00,14.20,10.70
2021-08-02,30.20,25.20,3.30,21.20
2021-08-03,30.80,26.10,1.80,21.20
2021-08-04,30.30,26.10,0.70,23.50
2021-08-05,30.40,25.60,1.20,22.20
2021-08-06,30.50,25.50,1.10,18.60
2021-08-07,30.40,25.00,0.00,20.00
2021-08-08,30.50,24.30,0.20,18.70
2021-08-09,32.20,22.10,0.20,13.10
2021-08-10,31.20,25.10,8.60,15.30
2021-08-11,28.90,24.90,29.30,12.30
2021-08-12,29.80,25.10,10.10,15.30
2021-08-13,28.30,24.90,11.00,19.10
2021-08-14,25.20,23.00,19.00,21.50
2021-08-15,27.10,23.00,50.10,19.60
2021-08-16,29.10,23.40,4.30,13.00
2021-08-17,28.50,22.90,2.20,18.40
2021-08-18,29.40,22.00,0.00,9.20
2021-08-19,29.50,23.40,1.70,14.70
2021-08-20,31.00,24.90,0.20,19.90
2021-08-21,31.00,25.20,12.10,17.20
2021-08-22,30.50,24.00,7.50,15.20
2021-08-23,31.80,26.00,0.20,15.90
2021-08-24,30.20,25.50,10.90,14.10
2021-08-25,31.00,24.70,3.10,20.30
2021-08-26,32.30,23.80,3.20,13.40
2021-08-27,31.50,25.80,4.20,16.90
2021-08-28,31.90,25.00,2.40,12.70
2021-08-29,31.70,26.00,1.40,10.20
2021-08-30,31.60,25.40,0.00,16.80
2021-08-31,32.10,26.20,0.00,19.10
2021-09-01,33.20,25.20,1.10,14.10
2021-09-02,31.70,25.50,8.80,8.70
2021-09-03,29.20,24.10,2.30,13.00
2021-09-04,29.40,24.80,7.40,15.50
2021-09-05,31.80,26.20,0.50,15.90
2021-09-06,30.60,25.20,1.70,13.00
2021-09-07,27.90,23.50,0.00,18.30
2021-09-08,27.00,22.60,0.00,12.10
2021-09-09,28.30,22.40,9.30,15.90
2021-09-10,29.90,23.70,39.10,11.20
2021-09-11,28.90,24.00,5.10,18.20
2021-09-12,26.70,24.70,6.90,26.30
2021-09-13,26.20,24.10,82.10,52.40
2021-09-14,26.00,24.10,17.50,41.50
2021-09-15,25.60,23.60,6.70,30.90
2021-09-16,27.50,22.10,0.10,27.50
2021-09-17,26.90,19.50,0.00,17.20
2021-09-18,27.00,17.20,0.00,11.60
2021-09-19,28.50,19.60,0.00,17.20
2021-09-20,32.00,23.20,10.90,20.60
2021-09-21,29.10,21.70,0.00,15.50
2021-09-22,31.40,20.20,0.00,12.00
2021-09-23,31.80,20.50,0.00,14.30
2021-09-24,28.60,20.50,0.00,18.80
2021-09-25,27.50,19.30,0.00,17.40
2021-09-26,28.50,19.80,0.00,14.70
2021-09-27,30.50,22.30,0.00,12.40
2021-09-28,31.00,22.30,0.10,13.70
2021-09-29,30.90,23.00,1.10,16.60
2021-09-30,27.80,20.90,0.20,18.00
2021-10-01,28.00,17.10,0.00,10.60
2021-10-02,29.40,19.80,0.00,16.10
2021-10-03,29.00,21.70,0.00,25.00
2021-10-04,30.90,23.50,0.00,27.10
2021-10-05,30.10,21.70,0.00,16.20
2021-10-06,28.80,22.80,0.30,19.50
2021-10-07,27.00,23.30,11.70,17.00
2021-10-08,27.90,22.90,3.90,18.40
2021-10-09,29.20,23.10,0.20,18.00
2021-10-10,28.40,23.20,7.00,13.00
2021-10-11,23.10,20.50,6.70,32.90
2021-10-12,24.00,20.50,0.00,31.80
2021-10-13,26.10,23.50,4.80,23.80
2021-10-14,27.60,22.80,1.40,17.20
2021-10-15,28.40,22.00,5.10,18.00
2021-10-16,22.00,14.40,13.20,36.90
2021-10-17,17.00,13.40,0.00,27.70
2021-10-18,19.40,11.90,0.00,12.60
2021-10-19,19.00,12.20,0.00,18.80
2021-10-20,15.40,12.40,23.30,17.10
2021-10-21,16.60,11.30,8.40,20.50
2021-10-22,18.50,10.90,0.00,21.40
2021-10-23,19.80,11.40,0.00,17.50
2021-10-24,20.10,13.60,0.00,15.10
2021-10-25,20.20,13.20,0.00,16.90
2021-10-26,20.80,12.10,0.00,8.70
2021-10-27,20.50,13.40,0.00,15.70
2021-10-28,19.90,12.80,0.00,15.30
2021-10-29,20.70,12.90,0.00,13.40
2021-10-30,20.80,13.80,0.00,15.40
2021-10-31,21.00,13.10,0.30,15.10
2021-11-01,21.50,12.60,0.10,13.00
2021-11-02,19.50,14.90,0.00,15.60
2021-11-03,20.00,12.80,0.00,7.80
2021-11-04,21.80,12.00,0.20,17.10
2021-11-05,20.60,17.40,27.90,22.40
2021-11-06,21.50,17.80,2.80,21.80
2021-11-07,22.50,5.80,18.80,29.50
2021-11-08,8.80,3.20,1.50,30.90
2021-11-09,11.90,3.00,0.00,19.70
2021-11-10,14.80,6.10,0.00,27.40
2021-11-11,15.90,4.70,0.00,20.60
2021-11-12,15.70,6.70,0.00,11.00
2021-11-13,17.80,6.80,0.00,14.30
2021-11-14,19.00,6.20,0.00,14.10
2021-11-15,19.50,6.40,0.00,11.20
2021-11-16,17.10,8.40,0.00,11.80
2021-11-17,17.70,9.20,0.30,13.20
2021-11-18,19.30,7.80,0.00,11.70
2021-11-19,19.30,11.90,0.00,16.00
2021-11-20,19.40,10.00,0.00,17.30
2021-11-21,19.50,12.90,9.60,23.80
2021-11-22,12.50,2.70,3.30,27.90
2021-11-23,8.80,0.20,0.00,16.00
2021-11-24,13.60,-0.20,0.00,12.50
2021-11-25,16.50,3.00,0.00,11.20
2021-11-26,16.30,2.90,0.00,12.80
2021-11-27,15.90,7.70,0.00,18.60
2021-11-28,17.50,9.20,0.00,18.50
2021-11-29,18.20,13.20,7.00,12.50
2021-11-30,14.20,5.80,1.60,37.30
2021-12-01,9.10,1.70,0.00,21.40
2021-12-02,9.90,-0.40,0.00,14.60
2021-12-03,13.40,1.80,0.00,17.70
2021-12-04,13.70,2.20,0.00,8.90
2021-12-05,15.90,4.00,0.00,16.70
2021-12-06,16.20,5.40,0.00,11.30
2021-12-07,14.40,5.80,0.00,17.20
2021-12-08,14.80,9.40,0.00,16.10
2021-12-09,17.70,7.10,0.00,13.80
2021-12-10,14.80,5.30,0.00,12.30
2021-12-11,15.70,6.40,0.00,14.40
2021-12-12,10.70,8.10,1.20,22.70
2021-12-13,9.60,3.60,0.00,16.60
2021-12-14,11.20,1.60,0.00,12.60
2021-12-15,12.70,3.00,1.20,12.60
2021-12-16,14.00,10.20,2.70,16.30
2021-12-17,10.10,1.10,0.30,28.90
2021-12-18,6.40,-2.50,0.00,14.70
2021-12-19,10.40,-2.40,0.00,9.80
2021-12-20,14.90,1.80,0.00,14.30
2021-12-21,15.60,3.60,0.00,10.50
2021-12-22,13.10,3.80,0.00,10.50
2021-12-23,15.10,4.30,0.00,15.30
2021-12-24,14.20,5.80,0.70,32.10
2021-12-25,5.40,-0.30,0.00,29.60
2021-12-26,1.60,-3.00,0.00,23.90
2021-12-27,3.40,-3.80,0.00,13.60
2021-12-28,6.40,-5.80,0.00,9.90
2021-12-29,10.10,-1.80,0.00,22.90
2021-12-30,8.80,-2.50,0.00,14.00
2021-12-31,8.90,-2.10,0.00,14.10
2022-01-01,11.80,0.60,0.00,14.30
2022-01-02,10.40,0.50,0.00,14.80
2022-01-03,13.20,-0.10,0.00,11.10
2022-01-04,11.70,2.60,0.10,19.80
2022-01-05,11.10,6.90,9.50,23.90
2022-01-06,8.90,5.10,0.00,21.90
2022-01-07,9.30,4.70,0.00,16.50
2022-01-08,8.80,2.60,0.00,13.40
2022-01-09,7.00,2.50,0.60,11.90
2022-01-10,8.30,-0.80,0.50,14.80
2022-01-11,5.90,-1.00,0.20,21.90
2022-01-12,7.40,-3.30,0.00,8.60
2022-01-13,5.30,-1.60,0.00,24.30
2022-01-14,7.70,-2.60,0.10,11.60
2022-01-15,11.40,-0.60,0.10,15.60
2022-01-16,10.90,1.20,0.00,19.90
2022-01-17,11.90,4.70,0.00,15.70
2022-01-18,10.10,1.60,0.00,14.50
2022-01-19,13.80,1.50,0.00,17.00
2022-01-20,7.60,3.20,0.00,18.40
2022-01-21,9.10,2.20,0.00,17.70
2022-01-22,11.40,5.50,8.60,15.10
2022-01-23,11.50,7.80,11.90,24.00
2022-01-24,8.30,4.60,2.10,20.90
2022-01-25,7.70,3.70,0.70,12.20
2022-01-26,8.10,4.00,14.90,18.90
2022-01-27,7.70,4.60,9.80,21.50
2022-01-28,6.90,1.50,3.90,19.80
2022-01-29,6.30,1.70,5.80,19.10
2022-01-30,6.40,-0.10,1.50,21.70
2022-01-31,7.90,-3.20,0.00,9.50
2022-02-01,7.30,2.20,0.00,20.70
2022-02-02,4.30,1.60,5.20,17.50
2022-02-03,7.10,2.70,2.20,17.40
2022-02-04,8.10,-0.20,0.00,14.80
2022-02-05,6.30,-0.90,0.00,23.10
2022-02-06,6.10,-1.80,0.00,14.10
2022-02-07,5.10,3.50,19.80,19.10
2022-02-08,8.30,2.30,0.50,20.40
2022-02-09,7.30,1.30,4.30,12.60
2022-02-10,7.60,2.20,0.00,12.60
2022-02-11,9.10,3.00,9.40,16.60
2022-02-12,9.40,5.40,0.60,15.50
2022-02-13,8.20,4.60,1.40,15.50
2022-02-14,11.20,1.00,0.00,19.30
2022-02-15,6.20,2.80,0.00,17.30
2022-02-16,8.00,1.20,0.00,17.80
2022-02-17,3.80,2.00,3.90,25.60
2022-02-18,6.70,2.60,3.20,19.60
2022-02-19,6.80,0.20,1.50,30.10
2022-02-20,4.80,-1.20,0.00,24.10
2022-02-21,7.20,-3.00,0.00,10.70
2022-02-22,7.20,-0.50,1.40,13.80
2022-02-23,6.90,-0.20,2.40,21.70
2022-02-24,7.20,-1.90,0.00,12.00
2022-02-25,11.70,-2.70,0.00,15.00
2022-02-26,16.00,2.70,0.00,18.70
2022-02-27,14.00,3.10,0.00,16.80
2022-02-28,20.50,6.70,0.50,19.10
2022-03-01,18.60,6.20,2.40,24.70
2022-03-02,15.20,4.70,0.00,13.10
2022-03-03,17.20,5.60,0.10,18.10
2022-03-04,20.00,9.50,8.40,15.70
2022-03-05,13.30,5.40,0.00,24.10
2022-03-06,10.50,5.60,0.00,17.20
2022-03-07,13.10,5.20,2.50,13.60
2022-03-08,18.80,3.90,0.00,14.40
2022-03-09,19.00,5.40,0.00,18.30
2022-03-10,20.10,9.60,0.00,21.70
2022-03-11,24.50,11.20,0.00,14.00
2022-03-12,23.50,12.10,0.00,22.20
2022-03-13,26.10,13.90,8.80,24.60
2022-03-14,25.00,10.60,0.90,28.90
2022-03-15,21.00,8.10,0.00,17.00
2022-03-16,27.20,11.40,0.00,23.20
2022-03-17,18.80,9.20,31.80,26.90
2022-03-18,11.90,8.10,1.10,29.90
2022-03-19,12.60,6.00,0.00,23.40
2022-03-20,9.20,6.40,16.70,18.80
2022-03-21,9.20,6.90,37.40,26.60
2022-03-22,11.10,6.90,6.80,25.00
2022-03-23,12.80,5.40,0.60,17.20
2022-03-24,16.50,4.20,0.00,29.20
2022-03-25,19.20,13.80,35.90,40.80
2022-03-26,16.00,10.90,0.20,28.20
2022-03-27,16.90,9.30,0.00,18.80
2022-03-28,12.40,6.70,0.00,16.50
2022-03-29,18.00,4.40,0.00,16.30
2022-03-30,23.50,12.00,0.00,19.30
2022-03-31,11.90,8.80,2.60,24.20
2022-04-01,11.50,6.20,0.00,23.10
2022-04-02,13.30,3.70,0.00,11.30
2022-04-03,14.10,4.00,0.00,13.30
2022-04-04,16.90,4.40,0.00,14.90
2022-04-05,14.90,8.40,0.00,11.70
2022-04-06,21.60,7.70,0.00,12.40
2022-04-07,25.00,11.10,0.00,16.10
2022-04-08,25.70,10.80,0.00,19.20
2022-04-09,25.50,12.20,0.00,21.60
2022-04-10,25.20,15.60,0.00,21.90
2022-04-11,32.00,15.40,0.00,18.90
2022-04-12,31.00,16.70,0.10,19.20
2022-04-13,16.90,14.00,87.80,29.90
2022-04-14,17.60,13.40,24.10,37.50
2022-04-15,17.00,12.00,0.00,25.80
2022-04-16,16.00,9.50,0.00,18.40
2022-04-17,17.40,7.80,0.00,15.20
2022-04-18,19.00,10.80,0.00,11.50
2022-04-19,21.30,8.80,0.70,11.10
2022-04-20,24.40,11.50,0.10,21.80
2022-04-21,25.10,13.80,2.50,19.20
2022-04-22,27.60,15.20,0.00,16.60
2022-04-23,20.10,15.00,16.00,18.70
2022-04-24,23.80,13.90,0.00,15.10
2022-04-25,26.50,16.20,15.10,21.80
2022-04-26,23.00,15.60,4.20,20.60
2022-04-27,18.90,13.80,0.00,23.10
2022-04-28,20.00,13.50,12.50,23.20
2022-04-29,17.00,11.60,5.00,26.40
2022-04-30,17.20,9.90,0.00,14.60
2022-05-01,18.20,10.70,0.00,13.60
2022-05-02,23.20,10.10,0.00,10.80
2022-05-03,25.50,12.40,0.00,15.10
2022-05-04,24.50,12.80,0.00,17.30
2022-05-05,25.50,12.50,0.00,19.80
2022-05-06,28.10,14.40,0.00,15.60
2022-05-07,23.00,17.50,0.30,21.60
2022-05-08,22.10,14.10,0.00,18.20
2022-05-09,20.40,14.10,0.00,16.80
2022-05-10,22.40,15.60,0.90,17.10
2022-05-11,22.20,15.80,0.00,18.00
2022-05-12,21.00,16.80,3.90,16.10
2022-05-13,18.10,13.10,9.70,19.60
2022-05-14,20.80,12.60,0.00,15.00
2022-05-15,21.80,13.20,0.30,11.70
2022-05-16,24.70,13.60,0.00,12.00
2022-05-17,26.50,13.70,0.00,18.80
2022-05-18,26.10,14.20,0.00,22.10
2022-05-19,22.20,16.40,0.90,14.70
2022-05-20,21.70,17.30,4.00,13.10
2022-05-21,24.50,15.30,0.60,14.20
2022-05-22,26.60,14.90,0.00,16.80
2022-05-23,26.10,16.80,0.00,22.10
2022-05-24,20.60,16.20,3.10,17.40
2022-05-25,25.40,16.20,0.00,13.00
2022-05-26,24.90,16.20,1.20,9.80
2022-05-27,28.10,17.00,3.70,13.60
2022-05-28,23.60,19.10,4.50,21.10
2022-05-29,26.50,19.10,21.10,18.10
2022-05-30,29.10,18.50,1.30,21.40
2022-05-31,26.80,15.10,0.00,18.60
2022-06-01,29.20,19.50,3.00,16.20
2022-06-02,28.50,19.90,0.20,19.90
2022-06-03,26.30,20.50,1.70,23.20
2022-06-04,27.90,21.80,3.20,20.70
2022-06-05,26.00,20.90,49.50,20.30
2022-06-06,30.50,20.10,0.30,19.20
2022-06-07,25.80,18.40,0.00,22.00
2022-06-08,26.20,16.80,0.00,13.80
2022-06-09,27.60,19.50,0.00,19.40
2022-06-10,23.10,20.00,0.70,15.90
2022-06-11,25.20,19.50,0.40,21.90
2022-06-12,22.50,19.10,3.20,15.00
2022-06-13,24.20,19.50,19.50,9.30
2022-06-14,28.60,18.50,8.90,16.30
2022-06-15,31.50,19.90,0.00,13.30
2022-06-16,32.20,21.00,0.00,17.30
2022-06-17,32.80,21.10,0.00,17.40
2022-06-18,30.60,21.50,0.00,19.50
2022-06-19,29.60,23.60,1.60,14.60
2022-06-20,29.20,23.00,1.20,16.30
2022-06-21,31.70,22.50,0.10,18.80
2022-06-22,34.50,23.50,1.60,23.30
2022-06-23,35.30,26.40,15.20,29.50
2022-06-24,27.20,24.10,21.60,20.90
2022-06-25,31.60,23.40,0.20,21.70
2022-06-26,33.40,25.90,0.00,23.70
2022-06-27,33.90,26.80,0.00,26.80
2022-06-28,34.00,26.70,0.00,27.00
2022-06-29,33.00,25.70,12.00,23.10
2022-06-30,31.10,26.10,9.30,24.30
2022-07-01,30.50,25.00,0.60,24.10
2022-07-02,30.50,24.20,0.60,22.00
2022-07-03,31.40,24.20,0.30,16.80
2022-07-04,32.80,24.40,0.00,20.40
2022-07-05,34.30,25.00,1.70,19.00
2022-07-06,35.70,27.00,0.80,25.20
2022-07-07,34.70,27.50,5.60,14.70
2022-07-08,36.80,26.90,7.20,18.00
2022-07-09,34.90,27.60,11.30,11.50
2022-07-10,35.10,27.10,2.70,12.20
2022-07-11,35.40,26.50,13.60,19.20
2022-07-12,38.70,27.60,0.00,16.30
2022-07-13,39.60,28.20,0.00,18.70
2022-07-14,40.40,28.20,0.00,22.00
2022-07-15,37.20,28.50,3.20,22.40
2022-07-16,31.10,26.40,4.70,13.10
2022-07-17,36.80,26.50,6.40,16.40
2022-07-18,32.50,25.90,11.00,19.20
2022-07-19,30.30,24.80,36.50,12.90
2022-07-20,36.20,26.30,2.80,18.20
2022-07-21,32.30,25.60,1.10,20.80
2022-07-22,34.00,24.50,0.10,14.70
2022-07-23,37.00,26.60,1.60,24.20
2022-07-24,32.50,25.00,4.20,13.20
2022-07-25,32.40,25.50,2.40,15.60
2022-07-26,35.80,26.40,0.70,15.00
2022-07-27,33.80,25.10,2.80,15.60
2022-07-28,36.00,26.20,0.00,18.10
2022-07-29,33.30,26.30,0.50,21.90
2022-07-30,32.70,26.00,0.80,13.80
2022-07-31,34.90,25.30,0.30,18.00
2022-08-01,35.20,25.50,2.70,17.30
2022-08-02,34.70,26.90,4.80,19.70
2022-08-03,35.20,27.40,0.00,21.00
2022-08-04,36.30,27.80,0.00,23.10
2022-08-05,39.30,28.00,0.60,15.50
2022-08-06,35.80,28.00,3.00,15.30
2022-08-07,37.20,27.00,0.00,20.10
2022-08-08,37.20,28.00,0.00,21.80
2022-08-09,38.20,28.00,0.00,21.10
2022-08-10,39.30,28.00,2.10,17.90
2022-08-11,40.30,28.40,1.00,12.70
2022-08-12,40.20,29.20,1.30,16.50
2022-08-13,39.20,28.90,1.80,19.40
2022-08-14,40.10,28.90,0.00,18.10
2022-08-15,39.60,28.60,0.20,20.60
2022-08-16,39.80,28.00,9.00,16.90
2022-08-17,32.60,27.00,4.30,16.50
2022-08-18,36.30,26.90,0.30,17.20
2022-08-19,40.20,28.20,0.00,18.00
2022-08-20,38.20,28.50,0.40,19.20
2022-08-21,34.70,27.20,3.60,17.00
2022-08-22,40.20,27.00,0.00,18.00
2022-08-23,39.90,28.40,1.50,22.60
2022-08-24,31.90,26.40,0.10,21.70
2022-08-25,33.20,25.00,14.80,15.60
2022-08-26,29.60,24.50,7.70,17.50
2022-08-27,27.50,23.50,6.20,22.00
2022-08-28,28.60,24.20,0.00,18.50
2022-08-29,33.30,24.10,0.00,16.90
2022-08-30,32.90,25.10,9.20,15.50
2022-08-31,27.00,23.90,0.20,20.50
2022-09-01,28.00,23.00,0.10,24.80
2022-09-02,27.30,23.60,23.60,31.20
2022-09-03,29.00,24.40,22.20,23.00
2022-09-04,29.60,24.90,12.30,29.90
2022-09-05,26.40,20.80,19.40,37.90
2022-09-06,29.80,18.40,0.00,16.40
2022-09-07,32.00,22.00,0.10,13.80
2022-09-08,29.60,21.60,0.20,15.70
2022-09-09,27.60,21.00,0.00,16.80
2022-09-10,28.50,20.60,0.00,15.00
2022-09-11,29.50,21.80,0.00,16.00
2022-09-12,27.40,23.20,8.50,18.70
2022-09-13,24.90,23.20,37.70,28.90
2022-09-14,27.50,22.60,82.90,47.80
2022-09-15,26.50,21.40,26.50,58.50
2022-09-16,28.10,20.10,1.00,12.40
2022-09-17,28.10,21.40,0.40,15.00
2022-09-18,27.80,22.30,0.00,24.90
2022-09-19,26.40,20.10,0.00,28.20
2022-09-20,24.50,19.00,0.00,23.90
2022-09-21,23.00,18.60,0.00,16.70
2022-09-22,27.60,16.80,0.00,14.40
2022-09-23,25.80,17.40,0.00,26.20
2022-09-24,24.10,17.10,0.10,18.50
2022-09-25,24.70,18.10,0.00,17.70
2022-09-26,25.20,18.30,7.60,16.80
2022-09-27,25.00,20.00,0.00,15.50
2022-09-28,24.80,19.40,0.40,16.20
2022-09-29,25.50,20.00,2.20,13.60
2022-09-30,26.50,19.80,0.50,16.30
2022-10-01,32.30,22.60,0.60,19.10
2022-10-02,32.50,23.90,0.00,20.70
2022-10-03,34.30,24.50,0.00,19.80
2022-10-04,26.40,18.10,0.00,30.60
2022-10-05,20.20,15.90,0.80,22.80
2022-10-06,18.50,15.60,4.40,18.40
2022-10-07,19.20,15.30,9.20,20.30
2022-10-08,20.50,15.60,3.60,15.50
2022-10-09,20.50,14.60,0.70,23.50
2022-10-10,16.90,9.20,0.00,24.20
2022-10-11,19.10,8.90,0.00,17.20
2022-10-12,20.60,13.80,0.00,20.40
2022-10-13,21.90,13.70,0.00,18.80
2022-10-14,22.30,15.50,0.10,16.40
2022-10-15,22.10,14.50,0.00,13.50
2022-10-16,22.40,16.00,0.00,18.40
2022-10-17,20.60,14.00,0.00,31.60
2022-10-18,19.20,11.90,0.20,22.00
2022-10-19,19.30,11.00,0.00,18.90
2022-10-20,21.20,11.40,0.00,17.30
2022-10-21,26.00,12.40,0.00,15.80
2022-10-22,25.00,16.90,0.40,17.40
2022-10-23,22.00,14.60,0.00,22.80
2022-10-24,21.00,12.70,0.00,20.90
2022-10-25,19.80,12.80,0.00,20.60
2022-10-26,20.40,13.10,3.30,14.90
2022-10-27,19.60,16.80,1.00,19.50
2022-10-28,19.40,14.60,0.40,26.50
2022-10-29,19.90,13.90,0.60,15.10
2022-10-30,22.50,14.10,0.40,20.00
2022-10-31,21.50,15.40,0.80,21.20
2022-11-01,21.50,14.30,0.00,23.50
2022-11-02,19.70,12.90,0.00,15.20
2022-11-03,19.90,11.40,0.00,18.90
2022-11-04,17.80,11.40,0.00,24.50
2022-11-05,18.00,8.90,0.00,16.10
2022-11-06,18.40,9.90,0.00,14.10
2022-11-07,21.90,9.40,0.00,15.10
2022-11-08,21.50,10.40,0.00,16.60
2022-11-09,23.40,13.10,0.30,20.60
2022-11-10,25.20,15.50,0.00,15.70
2022-11-11,23.70,17.70,12.00,16.10
2022-11-12,27.60,18.80,0.70,21.70
2022-11-13,19.30,11.90,0.50,26.80
2022-11-14,14.40,9.90,0.10,14.80
2022-11-15,15.60,7.70,0.10,12.40
2022-11-16,18.00,7.20,4.70,15.90
2022-11-17,17.00,13.90,15.90,23.70
2022-11-18,19.60,15.40,6.50,20.40
2022-11-19,20.30,15.90,14.20,10.50
2022-11-20,19.90,12.80,0.00,18.70
2022-11-21,20.80,11.30,0.20,15.30
2022-11-22,20.20,14.90,11.70,26.70
2022-11-23,18.50,13.00,0.00,20.60
2022-11-24,18.60,11.00,0.00,12.10
2022-11-25,20.20,11.70,0.00,19.00
2022-11-26,19.50,12.20,0.10,17.10
2022-11-27,20.50,11.60,0.00,24.20
2022-11-28,23.00,17.00,8.50,26.70
2022-11-29,17.60,8.60,10.10,31.40
2022-11-30,8.10,3.80,9.20,33.50
2022-12-01,6.40,2.60,3.40,25.30
2022-12-02,9.50,3.20,0.10,13.70
2022-12-03,11.20,6.90,8.30,22.10
2022-12-04,11.00,8.10,4.20,27.90
2022-12-05,9.90,5.40,7.40,23.90
2022-12-06,11.10,3.90,0.00,11.60
2022-12-07,12.60,4.80,0.00,13.00
2022-12-08,15.90,6.40,0.00,13.20
2022-12-09,14.60,11.70,3.30,10.10
2022-12-10,13.10,9.30,0.70,21.90
2022-12-11,8.90,6.10,0.00,24.90
2022-12-12,9.90,2.00,0.00,19.20
2022-12-13,10.90,-0.80,0.00,17.60
2022-12-14,6.40,1.80,0.00,16.20
2022-12-15,11.40,-1.40,0.00,11.60
2022-12-16,9.70,5.20,5.80,22.30
2022-12-17,4.70,-3.50,0.50,30.90
2022-12-18,3.90,-5.70,0.00,20.40
2022-12-19,8.40,-4.20,0.00,12.00
2022-12-20,11.90,-1.40,0.10,18.20
2022-12-21,10.60,0.60,1.10,26.30
2022-12-22,4.80,-1.60,0.00,32.40
2022-12-23,3.50,-4.30,0.00,21.90
2022-12-24,4.20,-3.00,0.00,24.00
2022-12-25,6.20,-3.20,0.00,19.40
2022-12-26,7.80,-1.10,0.00,13.90
2022-12-27,8.50,-1.00,0.00,10.90
2022-12-28,7.90,4.00,0.20,14.20
2022-12-29,6.80,2.00,0.00,13.10
2022-12-30,7.60,0.80,0.00,10.50
2022-12-31,8.60,-1.40,0.00,11.00
2023-01-01,7.80,-0.20,0.90,10.30
2023-01-02,8.30,4.30,0.50,18.00
2023-01-03,8.90,1.70,0.00,12.90
2023-01-04,9.70,-3.10,0.00,14.00
2023-01-05,10.90,3.50,0.20,12.90
2023-01-06,14.00,4.60,0.00,21.20
2023-01-07,15.10,-0.20,0.00,13.50
2023-01-08,16.20,4.40,0.00,17.90
2023-01-09,15.60,4.30,0.00,22.30
2023-01-10,11.20,4.00,0.00,16.10
2023-01-11,16.20,3.00,0.00,17.50
2023-01-12,21.20,9.20,4.10,22.30
2023-01-13,17.40,11.50,43.90,15.10
2023-01-14,11.30,3.30,10.70,32.40
2023-01-15,3.20,-1.50,1.50,32.10
2023-01-16,2.80,-3.30,0.00,22.90
2023-01-17,5.40,-2.20,0.00,13.10
2023-01-18,7.40,-3.20,0.00,14.10
2023-01-19,9.30,-3.40,0.00,10.10
2023-01-20,9.20,-0.40,0.00,19.30
2023-01-21,8.90,0.40,0.50,19.20
2023-01-22,11.20,6.60,8.10,15.50
2023-01-23,7.90,3.50,3.40,31.90
2023-01-24,2.80,-5.20,0.00,36.20
2023-01-25,1.00,-6.30,0.00,16.80
2023-01-26,7.60,-3.00,0.00,19.10
2023-01-27,3.60,-3.10,0.00,32.60
2023-01-28,4.90,-5.10,0.00,18.70
2023-01-29,9.20,-4.10,0.00,19.50
2023-01-30,12.10,-3.80,0.00,14.70
2023-01-31,16.90,2.00,0.00,15.70
2023-02-01,11.60,2.20,0.00,28.90
2023-02-02,7.60,1.40,0.40,19.00
2023-02-03,7.80,2.00,0.70,13.70
2023-02-04,8.90,0.60,0.00,16.90
2023-02-05,11.50,1.50,1.20,16.10
2023-02-06,10.40,7.80,8.80,14.80
2023-02-07,11.40,6.20,1.60,16.70
2023-02-08,9.80,5.20,0.70,20.20
2023-02-09,10.40,7.10,14.10,18.70
2023-02-10,8.60,5.30,0.00,17.50
2023-02-11,9.50,5.20,7.20,15.80
2023-02-12,17.90,8.80,14.50,21.90
2023-02-13,9.40,3.50,13.50,28.10
2023-02-14,7.10,2.50,0.00,24.10
2023-02-15,7.70,1.10,0.00,20.90
2023-02-16,8.50,-0.80,0.00,13.40
2023-02-17,14.80,4.80,0.30,10.20
2023-02-18,21.10,9.60,1.50,14.70
2023-02-19,10.40,2.80,0.80,21.90
2023-02-20,10.80,0.60,0.00,18.60
2023-02-21,5.70,2.30,0.00,22.50
2023-02-22,8.20,3.60,0.50,14.10
2023-02-23,6.90,3.00,4.40,13.60
2023-02-24,11.10,3.80,1.60,19.00
2023-02-25,8.10,0.80,0.00,25.60
2023-02-26,8.40,-0.30,0.00,17.60
2023-02-27,11.40,0.00,0.00,13.60
2023-02-28,17.00,3.80,0.10,19.70
2023-03-01,15.90,5.70,1.60,20.90
2023-03-02,11.40,3.20,0.00,17.40
2023-03-03,12.50,0.20,0.00,13.10
2023-03-04,16.30,1.70,0.00,13.00
2023-03-05,18.40,4.00,0.00,14.10
2023-03-06,22.80,5.50,0.00,16.30
2023-03-07,22.50,7.90,0.00,17.70
2023-03-08,24.00,10.60,0.00,16.90
2023-03-09,25.80,13.10,0.60,14.50
2023-03-10,26.50,11.10,0.00,17.80
2023-03-11,22.60,11.30,0.10,23.00
2023-03-12,14.60,6.30,3.20,35.30
2023-03-13,13.80,4.30,0.00,17.10
2023-03-14,19.30,5.10,0.00,23.80
2023-03-15,24.80,8.60,0.00,24.80
2023-03-16,13.40,7.80,0.70,25.80
2023-03-17,9.30,6.80,19.40,20.90
2023-03-18,12.10,6.40,0.00,16.60
2023-03-19,12.10,6.30,0.20,15.70
2023-03-20,17.60,7.10,4.60,16.40
2023-03-21,16.00,11.90,9.00,12.00
2023-03-22,18.90,12.60,32.00,13.50
2023-03-23,15.10,10.10,0.00,23.10
2023-03-24,10.60,6.20,2.80,19.80
2023-03-25,9.30,5.40,0.40,13.90
2023-03-26,14.80,5.60,0.00,18.50
2023-03-27,16.30,5.80,0.00,14.20
2023-03-28,17.40,4.00,0.00,15.60
2023-03-29,15.10,8.70,3.50,12.40
2023-03-30,12.40,10.20,2.90,12.60
2023-03-31,16.40,10.00,0.30,14.70
2023-04-01,20.40,10.20,0.00,10.90
2023-04-02,21.90,7.80,0.00,16.40
2023-04-03,19.80,11.00,8.90,29.50
2023-04-04,19.80,15.30,9.20,39.10
2023-04-05,17.90,10.30,1.70,21.40
2023-04-06,14.60,7.70,7.90,12.20
2023-04-07,17.40,6.10,0.30,23.70
2023-04-08,17.10,6.30,0.00,12.60
2023-04-09,19.20,6.70,0.00,19.20
2023-04-10,24.50,10.20,0.00,24.90
2023-04-11,26.50,14.60,0.60,22.50
2023-04-12,18.10,10.30,0.00,23.00
2023-04-13,21.50,9.30,0.60,20.70
2023-04-14,24.20,15.90,0.70,16.60
2023-04-15,23.30,14.20,0.10,21.50
2023-04-16,25.20,12.00,0.90,20.60
2023-04-17,25.50,13.60,0.00,27.70
2023-04-18,30.80,18.50,0.60,22.00
2023-04-19,23.20,15.60,1.50,19.80
2023-04-20,23.20,14.60,0.00,18.10
2023-04-21,20.30,12.40,0.00,28.10
2023-04-22,20.00,11.00,0.00,18.80
2023-04-23,15.40,14.00,5.00,24.10
2023-04-24,15.80,12.60,10.90,29.30
2023-04-25,17.30,11.50,0.00,16.60
2023-04-26,21.50,11.30,0.00,19.90
2023-04-27,21.90,11.50,0.00,24.50
2023-04-28,28.80,15.20,4.10,18.20
2023-04-29,19.90,13.10,5.40,24.20
2023-04-30,24.60,9.00,0.00,17.90
2023-05-01,28.30,10.90,0.00,20.50
2023-05-02,25.10,13.20,0.40,33.50
2023-05-03,27.70,17.90,1.30,24.60
2023-05-04,31.60,21.00,7.10,24.20
2023-05-05,26.40,19.30,5.90,21.10
2023-05-06,22.20,15.60,2.90,20.30
2023-05-07,18.50,14.70,16.70,30.40
2023-05-08,19.00,12.10,0.00,20.00
2023-05-09,22.10,10.40,0.00,14.70
2023-05-10,22.00,10.40,0.00,15.80
2023-05-11,20.30,14.70,0.30,9.40
2023-05-12,24.70,15.00,0.00,14.10
2023-05-13,29.00,13.30,0.00,18.10
2023-05-14,33.50,18.00,0.00,12.60
2023-05-15,35.80,18.40,0.00,23.20
2023-05-16,30.90,19.60,0.00,31.40
2023-05-17,22.80,20.40,24.20,31.10
2023-05-18,24.50,18.40,0.30,27.70
2023-05-19,24.30,16.90,0.10,18.10
2023-05-20,23.20,15.90,0.00,15.40
2023-05-21,27.30,17.20,0.70,19.40
2023-05-22,19.90,15.40,23.30,27.10
2023-05-23,24.90,12.10,0.00,12.20
2023-05-24,20.80,14.60,0.80,16.20
2023-05-25,26.40,14.40,0.00,21.70
2023-05-26,28.40,17.50,2.40,18.40
2023-05-27,27.30,21.50,17.00,30.70
2023-05-28,31.10,21.40,0.30,22.50
2023-05-29,35.00,22.90,1.50,18.80
2023-05-30,28.20,21.10,0.00,17.20
2023-05-31,27.00,20.30,1.90,15.70
2023-06-01,30.30,20.20,0.20,20.00
2023-06-02,32.30,19.80,0.00,20.00
2023-06-03,26.60,20.20,0.00,18.40
2023-06-04,26.00,18.20,0.00,19.60
2023-06-05,29.10,19.00,6.30,17.90
2023-06-06,26.40,18.00,4.50,18.70
2023-06-07,27.00,17.50,4.10,18.10
2023-06-08,31.70,21.60,4.00,22.30
2023-06-09,34.00,21.50,0.00,17.50
2023-06-10,32.10,21.30,0.20,19.50
2023-06-11,28.80,21.10,0.30,17.90
2023-06-12,27.20,21.00,0.40,17.40
2023-06-13,25.60,20.20,3.10,16.30
2023-06-14,30.60,19.50,9.90,17.10
2023-06-15,31.70,19.50,0.00,16.60
2023-06-16,29.50,20.10,1.00,16.40
2023-06-17,24.20,20.50,5.10,20.00
2023-06-18,26.40,22.00,27.40,13.50
2023-06-19,26.20,22.30,64.50,19.70
2023-06-20,30.40,23.50,2.10,17.50
2023-06-21,31.10,22.50,0.10,12.00
2023-06-22,31.40,22.10,0.00,8.70
2023-06-23,27.20,20.10,2.70,22.00
2023-06-24,25.10,20.10,116.60,25.30
2023-06-25,28.60,23.50,7.60,25.00
2023-06-26,29.70,23.90,8.60,24.50
2023-06-27,30.60,23.50,5.60,19.50
2023-06-28,33.50,25.20,0.20,17.10
2023-06-29,34.80,27.00,1.40,20.30
2023-06-30,28.60,24.70,20.00,17.00
2023-07-01,32.20,23.80,6.20,17.70
2023-07-02,33.50,25.00,8.00,11.60
2023-07-03,30.40,26.00,9.40,13.30
2023-07-04,34.20,26.90,1.20,20.20
2023-07-05,30.50,25.00,0.60,16.70
2023-07-06,33.50,24.50,5.40,15.50
2023-07-07,35.00,27.20,3.20,17.70
2023-07-08,28.50,26.20,35.10,15.00
2023-07-09,31.20,25.00,16.80,21.90
2023-07-10,32.70,25.50,1.20,16.80
2023-07-11,36.20,26.80,0.00,15.70
2023-07-12,36.80,27.20,0.00,15.30
2023-07-13,35.90,27.60,0.00,16.40
2023-07-14,35.60,27.80,0.10,17.90
2023-07-15,33.80,26.50,2.70,14.00
2023-07-16,31.90,25.40,18.20,16.80
2023-07-17,30.20,25.30,15.50,20.60
2023-07-18,31.90,24.50,2.00,13.10
2023-07-19,30.40,25.50,3.30,13.70
2023-07-20,29.40,25.00,46.30,13.30
2023-07-21,31.80,24.90,11.80,13.00
2023-07-22,31.00,26.20,15.80,19.30
2023-07-23,32.20,25.80,9.00,17.90
2023-07-24,31.40,24.90,14.30,20.80
2023-07-25,31.50,26.60,0.50,22.10
2023-07-26,31.20,26.20,1.30,22.40
2023-07-27,29.40,25.10,9.50,22.60
2023-07-28,28.80,25.40,14.10,31.10
2023-07-29,28.30,26.50,13.90,28.50
2023-07-30,30.50,26.80,1.20,27.10
2023-07-31,31.20,25.30,1.30,22.60
2023-08-01,30.90,25.50,1.00,23.70
2023-08-02,31.40,26.60,0.70,21.80
2023-08-03,31.20,26.60,0.40,25.60
2023-08-04,31.60,26.50,0.10,22.80
2023-08-05,31.90,26.40,0.50,18.80
2023-08-06,33.30,25.20,0.10,12.90
2023-08-07,32.70,26.50,0.30,18.30
2023-08-08,32.70,25.90,1.20,20.50
2023-08-09,32.50,25.10,3.30,21.60
2023-08-10,33.00,25.90,0.30,18.60
2023-08-11,34.00,25.10,0.10,11.00
2023-08-12,34.50,26.20,0.00,14.90
2023-08-13,34.80,26.10,0.00,17.50
2023-08-14,32.50,26.30,2.70,15.00
2023-08-15,30.00,26.00,2.90,14.20
2023-08-16,32.20,24.00,0.80,10.20
2023-08-17,31.10,24.60,5.50,9.00
2023-08-18,31.10,23.40,9.70,15.90
2023-08-19,32.20,23.40,0.00,18.30
2023-08-20,31.90,25.00,3.20,20.10
2023-08-21,33.10,26.60,0.00,18.40
2023-08-22,33.20,24.90,14.20,11.00
2023-08-23,30.00,24.10,3.00,14.30
2023-08-24,31.30,23.50,0.00,10.50
2023-08-25,31.20,24.40,0.00,15.00
2023-08-26,31.50,23.00,1.00,19.40
2023-08-27,30.60,25.40,4.00,24.10
2023-08-28,31.20,22.60,11.80,22.70
2023-08-29,24.40,21.50,35.70,12.30
2023-08-30,23.90,20.70,21.70,23.60
2023-08-31,27.20,20.50,2.30,19.30
2023-09-01,28.00,21.40,0.00,23.00
2023-09-02,28.60,22.80,0.00,23.20
2023-09-03,30.40,23.50,24.90,13.00
2023-09-04,30.00,23.70,1.10,19.60
2023-09-05,29.40,24.90,0.10,17.60
2023-09-06,30.00,24.20,0.20,15.80
2023-09-07,29.70,23.70,0.00,14.80
2023-09-08,30.00,22.30,0.10,14.20
2023-09-09,29.80,19.90,0.00,15.50
2023-09-10,30.80,19.50,0.00,12.60
2023-09-11,31.50,22.60,5.80,11.30
2023-09-12,29.00,24.10,2.60,17.00
2023-09-13,29.40,23.00,26.60,19.20
2023-09-14,26.90,22.90,11.80,19.10
2023-09-15,28.60,23.00,11.90,10.40
2023-09-16,26.70,22.10,13.90,10.90
2023-09-17,29.20,21.10,0.90,10.50
2023-09-18,31.40,22.50,0.10,13.70
2023-09-19,32.10,24.80,0.00,20.70
2023-09-20,29.90,23.60,4.50,21.70
2023-09-21,24.30,21.20,3.60,15.60
2023-09-22,23.00,18.90,17.40,14.70
2023-09-23,22.50,19.80,13.80,19.30
2023-09-24,27.00,21.40,3.00,18.00
2023-09-25,28.60,20.50,1.20,9.50
2023-09-26,28.20,21.70,1.10,11.20
2023-09-27,29.10,21.80,3.00,7.70
2023-09-28,28.50,22.90,1.70,14.30
2023-09-29,28.00,22.40,1.30,13.20
2023-09-30,26.10,20.50,1.10,19.40
2023-10-01,25.50,19.20,0.00,20.20
2023-10-02,24.60,18.50,0.00,18.80
2023-10-03,25.50,18.60,0.10,16.60
2023-10-04,25.20,18.70,0.00,20.00
2023-10-05,23.40,18.10,0.00,29.40
2023-10-06,23.20,18.20,0.20,21.00
2023-10-07,22.50,18.00,1.80,24.50
2023-10-08,22.50,17.10,1.40,18.80
2023-10-09,22.20,16.40,0.00,20.20
2023-10-10,23.10,16.10,0.00,14.80
2023-10-11,23.20,16.40,0.00,16.20
2023-10-12,22.40,15.60,5.80,14.50
2023-10-13,19.50,15.50,2.90,7.90
2023-10-14,23.50,14.20,0.00,15.10
2023-10-15,24.60,13.80,0.60,18.40
2023-10-16,24.00,12.00,0.00,11.40
2023-10-17,24.20,13.80,0.10,10.80
2023-10-18,24.60,13.90,0.00,16.80
2023-10-19,27.10,15.50,0.10,10.50
2023-10-20,20.40,14.90,0.80,27.40
2023-10-21,20.40,11.40,0.00,14.10
2023-10-22,22.50,11.50,0.00,15.20
2023-10-23,23.80,13.90,0.50,12.50
2023-10-24,26.00,15.60,0.10,10.50
2023-10-25,25.40,13.40,0.00,10.30
2023-10-26,25.80,16.20,0.00,8.20
2023-10-27,23.20,16.10,0.00,16.10
2023-10-28,23.40,14.40,0.00,12.70
2023-10-29,24.00,12.80,0.00,14.50
2023-10-30,25.10,13.40,0.10,9.80
2023-10-31,25.80,14.40,0.00,13.40
2023-11-01,27.70,15.90,0.00,16.30
2023-11-02,25.60,15.20,0.00,24.40
2023-11-03,28.20,16.50,0.00,14.00
2023-11-04,27.00,18.20,4.70,18.30
2023-11-05,27.40,20.60,6.50,30.30
2023-11-06,19.20,10.00,0.10,26.90
2023-11-07,16.40,7.70,0.00,11.60
2023-11-08,21.40,10.70,0.00,23.20
2023-11-09,22.00,14.80,13.70,16.60
2023-11-10,17.80,13.10,3.80,31.90
2023-11-11,15.80,12.80,0.20,21.20
2023-11-12,12.90,6.20,1.60,24.40
2023-11-13,11.40,4.10,0.00,20.60
2023-11-14,14.10,5.20,0.00,9.80
2023-11-15,15.40,5.10,0.00,9.70
2023-11-16,13.60,7.90,8.90,30.80
2023-11-17,14.60,4.20,0.00,27.80
2023-11-18,12.20,3.00,0.00,18.70
2023-11-19,17.80,3.00,0.00,13.40
2023-11-20,18.40,4.90,0.00,9.90
2023-11-21,19.50,6.80,0.00,16.80
2023-11-22,22.40,10.70,0.00,14.00
2023-11-23,20.80,9.10,0.00,25.50
2023-11-24,12.20,6.00,0.00,19.40
2023-11-25,13.40,5.80,0.00,17.80
2023-11-26,17.60,6.90,0.00,11.60
2023-11-27,17.00,8.10,0.00,19.80
2023-11-28,15.20,6.90,0.00,13.70
2023-11-29,20.10,8.80,0.00,24.90
2023-11-30,11.00,6.10,0.00,23.00
2023-12-01,7.80,1.80,0.00,21.30
2023-12-02,10.80,-0.20,0.00,8.80
2023-12-03,11.60,2.00,0.00,9.80
2023-12-04,13.60,3.80,0.40,11.90
2023-12-05,16.40,2.20,0.00,15.50
2023-12-06,18.00,6.50,0.00,28.10
2023-12-07,18.60,2.80,0.00,17.30
2023-12-08,22.20,8.40,0.00,16.30
2023-12-09,22.70,12.10,0.00,11.90
2023-12-10,20.50,12.30,0.10,15.00
2023-12-11,14.30,7.20,8.70,27.10
2023-12-12,8.80,4.70,4.60,25.90
2023-12-13,16.10,5.00,0.00,19.20
2023-12-14,23.20,13.10,0.00,13.10
2023-12-15,14.70,2.90,5.90,27.90
2023-12-16,2.20,-2.50,0.40,30.30
2023-12-17,1.50,-5.20,0.00,19.10
2023-12-18,6.00,0.90,12.20,14.50
2023-12-19,5.80,2.50,4.70,20.40
2023-12-20,3.50,-2.60,0.00,24.30
2023-12-21,-1.70,-5.80,0.00,28.90
2023-12-22,-0.40,-6.70,0.00,20.90
2023-12-23,2.50,-4.20,0.00,10.50
2023-12-24,5.70,-4.20,0.00,16.60
2023-12-25,6.20,-5.10,0.00,10.60
2023-12-26,10.70,-2.50,0.00,12.70
2023-12-27,15.30,2.00,0.00,10.40
2023-12-28,12.80,3.50,0.00,8.90
2023-12-29,12.80,3.70,0.00,11.90
2023-12-30,13.90,6.80,0.90,14.80
2023-12-31,8.30,2.70,0.00,22.90
2024-01-01,7.70,1.90,0.00,9.50
2024-01-02,11.60,0.50,0.20,15.10
2024-01-03,8.10,0.80,2.20,21.70
2024-01-04,10.70,-3.10,0.00,13.90
2024-01-05,14.00,2.50,0.20,13.60
2024-01-06,11.10,1.70,0.00,13.30
2024-01-07,7.60,0.90,0.00,16.50
2024-01-08,9.90,-0.40,0.20,11.60
2024-01-09,14.60,3.10,0.00,18.40
2024-01-10,6.70,-0.30,0.00,25.50
2024-01-11,11.40,-6.10,0.00,12.00
2024-01-12,16.50,0.80,0.00,14.00
2024-01-13,15.90,2.70,0.00,15.10
2024-01-14,20.50,6.70,0.00,27.60
2024-01-15,6.80,1.20,0.00,24.90
2024-01-16,11.20,1.00,0.00,19.10
2024-01-17,18.50,6.30,0.00,20.60
2024-01-18,8.90,6.90,6.60,14.00
2024-01-19,10.20,6.50,9.00,18.10
2024-01-20,7.10,4.20,10.60,26.20
2024-01-21,5.20,2.30,0.00,26.60
2024-01-22,2.00,-3.80,0.00,27.10
2024-01-23,-0.60,-5.90,0.00,26.90
2024-01-24,3.60,-5.20,0.00,19.40
2024-01-25,6.10,-4.00,0.00,13.90
2024-01-26,7.20,-4.20,0.00,12.60
2024-01-27,7.40,-4.50,0.00,11.70
2024-01-28,9.20,-3.00,0.00,12.70
2024-01-29,11.40,-0.50,0.30,18.00
2024-01-30,11.90,6.70,3.20,16.00
2024-01-31,11.90,6.10,8.40,12.20
2024-02-01,9.40,5.00,11.40,26.00
2024-02-02,6.40,3.80,5.10,22.10
2024-02-03,7.70,3.70,12.80,21.50
2024-02-04,6.60,2.90,12.30,20.20
2024-02-05,4.60,0.30,0.00,29.50
2024-02-06,2.50,0.20,1.50,14.90
2024-02-07,5.10,-0.10,0.10,18.40
2024-02-08,6.20,-1.40,0.00,16.90
2024-02-09,9.60,-2.50,0.00,14.80
2024-02-10,13.60,0.20,0.00,17.30
2024-02-11,14.50,1.60,0.20,13.30
2024-02-12,14.80,3.20,0.00,25.50
2024-02-13,18.00,7.60,1.10,23.50
2024-02-14,23.10,8.20,0.00,12.20
2024-02-15,11.00,4.30,5.20,34.20
2024-02-16,8.90,1.30,0.00,15.20
2024-02-17,14.80,2.00,0.00,20.50
2024-02-18,22.00,11.90,0.10,20.90
2024-02-19,20.70,7.80,4.30,26.50
2024-02-20,9.70,7.90,3.30,24.20
2024-02-21,8.60,3.50,35.50,23.20
2024-02-22,4.40,1.30,4.10,25.50
2024-02-23,4.70,0.50,2.00,22.70
2024-02-24,3.30,-0.20,3.30,20.40
2024-02-25,5.20,-0.80,0.10,25.80
2024-02-26,8.60,1.30,0.00,18.90
2024-02-27,8.80,2.20,0.00,13.00
2024-02-28,10.10,4.70,12.40,13.00
2024-02-29,8.00,5.30,18.90,21.30
2024-03-01,6.70,1.00,0.00,24.30
2024-03-02,9.90,-1.60,0.00,14.80
2024-03-03,14.10,0.50,0.00,19.40
2024-03-04,13.40,5.90,6.80,24.60
2024-03-05,14.80,7.70,7.50,21.60
2024-03-06,10.90,3.50,0.80,25.40
2024-03-07,11.20,1.70,0.00,12.90
2024-03-08,11.10,3.30,0.10,25.50
2024-03-09,11.20,0.90,0.00,13.80
2024-03-10,13.20,1.20,0.00,18.20
2024-03-11,17.20,6.60,2.90,19.10
2024-03-12,15.00,4.00,0.00,27.40
2024-03-13,14.20,1.50,0.00,18.00
2024-03-14,12.10,5.70,0.00,12.70
2024-03-15,18.90,7.00,0.30,16.60
2024-03-16,20.10,11.60,0.10,13.00
2024-03-17,14.10,7.30,0.30,24.70
2024-03-18,11.60,6.30,0.10,14.60
2024-03-19,17.80,4.90,0.00,25.70
2024-03-20,16.30,2.80,0.00,18.00
2024-03-21,18.50,3.80,0.00,23.90
2024-03-22,24.40,10.80,0.00,23.40
2024-03-23,22.60,13.90,2.50,12.50
2024-03-24,22.50,12.80,0.50,13.40
2024-03-25,26.90,10.60,1.40,27.70
2024-03-26,15.00,8.00,0.00,27.10
2024-03-27,15.10,6.80,5.40,23.00
2024-03-28,16.60,9.80,14.60,22.60
2024-03-29,26.50,9.90,0.00,19.70
2024-03-30,27.90,13.60,0.00,17.80
2024-03-31,18.50,11.00,0.20,21.50
2024-04-01,22.30,9.10,0.00,27.20
2024-04-02,22.70,15.40,25.80,30.80
2024-04-03,21.60,11.40,10.10,26.70
2024-04-04,15.50,10.60,0.20,19.50
2024-04-05,16.10,8.50,0.50,18.40
2024-04-06,17.40,11.20,2.40,14.50
2024-04-07,16.90,10.90,4.20,13.20
2024-04-08,14.10,10.20,11.70,16.80
2024-04-09,20.70,8.70,0.00,15.50
2024-04-10,20.30,9.40,0.00,19.40
2024-04-11,22.60,12.60,3.00,15.10
2024-04-12,18.30,14.60,9.40,17.60
2024-04-13,19.70,14.40,0.00,18.40
2024-04-14,22.60,15.10,13.40,21.30
2024-04-15,25.00,14.40,0.00,17.70
2024-04-16,23.50,14.30,0.00,17.10
2024-04-17,15.10,10.90,21.30,21.30
2024-04-18,20.20,7.70,0.00,11.60
2024-04-19,19.50,10.20,26.80,27.50
2024-04-20,21.20,14.30,1.30,25.70
2024-04-21,19.40,13.40,3.80,14.40
2024-04-22,19.50,13.50,1.40,10.80
2024-04-23,21.10,13.40,5.30,9.50
2024-04-24,24.40,12.80,0.00,14.20
2024-04-25,22.50,14.00,0.60,21.10
2024-04-26,20.30,13.20,0.30,18.60
2024-04-27,22.50,15.40,0.80,17.80
2024-04-28,20.80,15.30,1.00,18.90
2024-04-29,23.20,14.30,1.20,20.00
2024-04-30,16.10,12.60,9.60,24.90
2024-05-01,20.10,11.90,2.60,17.30
2024-05-02,20.50,10.70,0.50,19.10
2024-05-03,20.80,12.30,0.00,18.50
2024-05-04,18.00,14.20,10.30,17.60
2024-05-05,23.00,16.50,9.30,21.10
2024-05-06,25.30,16.70,0.00,19.10
2024-05-07,24.50,16.30,5.60,11.20
2024-05-08,21.30,13.10,0.00,19.60
2024-05-09,22.40,10.60,0.00,15.20
2024-05-10,24.20,13.80,0.00,25.60
2024-05-11,26.40,18.90,14.40,16.70
2024-05-12,21.50,14.10,2.40,19.90
2024-05-13,24.30,12.20,0.00,12.20
2024-05-14,25.20,11.60,0.00,13.00
2024-05-15,24.80,11.60,0.00,35.10
2024-05-16,24.40,8.80,0.00,18.60
2024-05-17,27.00,14.80,0.00,20.40
2024-05-18,27.10,17.60,0.00,23.50
2024-05-19,26.70,16.40,0.00,18.80
2024-05-20,27.80,18.40,0.10,18.20
2024-05-21,25.80,18.90,0.10,21.90
2024-05-22,25.20,18.00,0.00,14.10
2024-05-23,26.60,17.30,0.00,15.30
2024-05-24,29.00,18.50,0.00,21.40
2024-05-25,26.50,20.20,0.30,19.40
2024-05-26,33.80,21.10,4.30,18.80
2024-05-27,24.00,17.40,35.90,24.30
2024-05-28,25.50,16.10,0.00,20.30
2024-05-29,24.70,14.40,0.00,20.10
2024-05-30,25.90,16.70,5.60,16.80
2024-05-31,22.10,17.80,8.60,14.80
2024-06-01,24.50,16.20,0.30,21.10
2024-06-02,26.00,16.00,0.00,14.20
2024-06-03,29.60,17.50,0.00,14.60
2024-06-04,26.10,17.80,0.00,17.10
2024-06-05,21.70,17.80,3.80,15.90
2024-06-06,22.90,17.00,0.10,17.70
2024-06-07,24.70,15.60,0.80,13.80
2024-06-08,28.10,17.90,0.10,16.90
2024-06-09,30.30,19.00,0.00,13.80
2024-06-10,24.80,20.10,0.50,17.60
2024-06-11,25.90,20.50,4.40,16.70
2024-06-12,28.20,21.60,2.20,14.80
2024-06-13,30.50,20.20,0.10,17.20
2024-06-14,30.40,20.80,0.00,18.90
2024-06-15,31.30,20.40,0.00,12.50
2024-06-16,31.80,19.60,0.00,16.80
2024-06-17,27.50,20.00,2.60,19.30
2024-06-18,29.30,16.90,0.00,21.30
2024-06-19,27.40,21.50,23.20,17.60
2024-06-20,29.20,24.00,34.10,21.10
2024-06-21,31.00,23.80,5.70,18.30
2024-06-22,31.50,25.50,10.20,17.70
2024-06-23,27.20,20.60,50.80,20.00
2024-06-24,27.80,21.00,8.50,17.80
2024-06-25,23.00,20.00,27.10,10.20
2024-06-26,24.90,19.90,63.40,25.60
2024-06-27,24.50,22.10,32.80,15.40
2024-06-28,27.10,21.10,14.50,17.80
2024-06-29,30.90,23.80,8.70,24.30
2024-06-30,26.90,24.20,43.40,14.70
2024-07-01,30.50,23.90,28.10,15.40
2024-07-02,34.50,25.20,1.50,28.00
2024-07-03,33.50,24.30,3.40,17.20
2024-07-04,36.30,25.60,0.00,21.10
2024-07-05,36.10,25.70,0.00,17.30
2024-07-06,37.10,27.30,0.00,17.80
2024-07-07,36.90,27.60,0.00,16.20
2024-07-08,36.70,28.20,0.00,16.60
2024-07-09,35.60,27.80,0.00,17.60
2024-07-10,32.70,25.20,10.90,18.00
2024-07-11,27.00,23.00,35.70,13.00
2024-07-12,28.90,23.00,45.20,10.20
2024-07-13,31.60,24.30,20.50,17.40
2024-07-14,30.70,24.40,26.30,11.70
2024-07-15,31.90,25.80,1.30,17.10
2024-07-16,33.80,27.00,0.00,22.70
2024-07-17,34.20,26.50,0.00,21.40
2024-07-18,35.90,27.40,0.90,17.80
2024-07-19,36.30,27.10,0.40,13.70
2024-07-20,35.80,28.00,0.00,20.20
2024-07-21,36.00,28.00,0.00,20.70
2024-07-22,35.50,27.60,0.00,25.80
2024-07-23,34.20,27.20,0.00,24.40
2024-07-24,33.80,27.00,0.00,24.00
2024-07-25,33.00,27.90,0.20,31.20
2024-07-26,30.80,27.20,9.70,39.20
2024-07-27,32.60,28.00,0.10,47.30
2024-07-28,33.20,27.50,0.00,35.40
2024-07-29,33.80,26.70,0.00,21.90
2024-07-30,34.40,27.00,0.00,22.70
2024-07-31,37.30,27.20,0.10,19.90
2024-08-01,38.20,29.10,0.40,14.40
2024-08-02,39.00,29.00,0.10,11.50
2024-08-03,39.80,28.80,1.30,14.00
2024-08-04,39.50,27.90,0.00,16.50
2024-08-05,37.00,27.50,0.30,18.60
2024-08-06,37.70,27.20,0.00,19.80
2024-08-07,37.50,27.00,2.40,18.40
2024-08-08,38.30,26.90,0.30,15.10
2024-08-09,39.00,27.20,0.00,17.10
2024-08-10,38.30,28.00,0.00,17.40
2024-08-11,39.40,28.80,0.30,17.70
2024-08-12,36.90,27.90,14.10,14.20
2024-08-13,34.20,27.20,0.30,19.50
2024-08-14,33.30,26.30,0.20,17.30
2024-08-15,33.20,26.20,0.60,16.50
2024-08-16,32.80,26.00,0.20,16.50
2024-08-17,33.80,26.20,0.00,18.40
2024-08-18,34.20,26.00,2.30,16.50
2024-08-19,35.00,27.30,0.30,23.40
2024-08-20,36.40,28.00,0.20,20.60
2024-08-21,36.80,27.10,18.80,22.00
2024-08-22,35.00,25.90,0.00,12.90
2024-08-23,36.30,26.50,0.00,17.50
2024-08-24,35.50,26.30,0.00,18.00
2024-08-25,35.60,26.60,0.40,19.20
2024-08-26,36.50,26.50,0.80,17.60
2024-08-27,34.40,25.40,11.40,12.30
2024-08-28,31.60,25.10,9.40,15.80
2024-08-29,33.20,27.00,0.80,16.60
2024-08-30,33.20,25.20,0.00,14.00
2024-08-31,34.70,25.40,0.00,14.40
2024-09-01,36.70,24.70,0.10,17.10
2024-09-02,36.80,26.60,0.60,15.40
2024-09-03,30.20,27.00,1.50,18.40
2024-09-04,33.20,26.20,1.90,16.50
2024-09-05,35.00,25.70,0.00,17.60
2024-09-06,34.30,25.40,0.00,16.20
2024-09-07,34.80,25.60,0.20,18.00
2024-09-08,34.10,26.10,0.10,20.60
2024-09-09,34.00,26.20,0.50,19.50
2024-09-10,31.50,26.60,17.40,22.90
2024-09-11,31.80,26.20,25.70,22.70
2024-09-12,31.00,26.50,0.20,18.30
2024-09-13,32.70,25.90,0.00,13.70
2024-09-14,31.10,24.50,0.10,17.30
2024-09-15,32.00,26.50,0.90,31.40
2024-09-16,28.70,26.10,51.80,56.20
2024-09-17,31.60,26.20,0.50,22.50
2024-09-18,30.60,25.00,1.10,22.20
2024-09-19,30.60,26.90,4.20,34.20
2024-09-20,27.90,25.90,75.70,19.80
2024-09-21,27.80,21.60,4.80,29.90
2024-09-22,25.00,19.20,0.00,30.20
2024-09-23,25.90,17.80,0.00,17.30
2024-09-24,25.00,21.00,2.50,10.00
2024-09-25,26.80,21.10,6.40,6.20
2024-09-26,27.50,22.80,0.00,15.30
2024-09-27,28.10,22.00,0.50,20.50
2024-09-28,27.50,21.20,0.00,21.00
2024-09-29,28.90,23.20,0.00,23.00
2024-09-30,29.10,23.80,1.20,19.90
2024-10-01,25.10,20.20,4.90,33.20
2024-10-02,23.40,16.30,0.00,27.20
2024-10-03,22.60,16.10,0.20,26.20
2024-10-04,24.50,14.90,0.00,24.40
2024-10-05,24.80,19.60,14.50,23.10
2024-10-06,22.00,19.20,43.90,24.20
2024-10-07,20.50,16.50,5.70,22.60
2024-10-08,22.20,15.60,1.60,22.30
2024-10-09,21.50,13.90,0.00,11.20
2024-10-10,22.50,11.80,0.00,10.50
2024-10-11,23.90,14.60,0.00,12.00
2024-10-12,24.70,16.90,0.00,16.30
2024-10-13,25.40,19.50,0.00,16.50
2024-10-14,27.20,20.60,3.80,13.90
2024-10-15,22.30,20.00,8.40,15.20
2024-10-16,23.90,19.80,11.10,19.50
2024-10-17,26.40,21.00,11.70,18.00
2024-10-18,29.40,22.00,0.60,16.80
2024-10-19,22.50,17.00,0.40,34.10
2024-10-20,21.50,16.50,3.30,20.20
2024-10-21,23.80,18.30,0.50,10.40
2024-10-22,20.10,15.20,0.10,23.60
2024-10-23,18.70,11.60,0.00,22.50
2024-10-24,20.20,12.90,0.00,21.00
2024-10-25,24.20,16.90,0.40,27.10
2024-10-26,24.80,21.50,10.60,21.00
2024-10-27,22.50,17.30,6.30,26.50
2024-10-28,19.90,13.80,0.30,19.30
2024-10-29,20.10,12.10,0.00,16.60
2024-10-30,21.50,14.10,0.00,23.20
2024-10-31,21.90,17.80,24.00,25.00
2024-11-01,22.30,17.30,106.80,41.10
2024-11-02,21.60,15.90,0.00,24.50
2024-11-03,22.50,14.10,0.00,8.10
2024-11-04,21.50,14.70,0.00,19.60
2024-11-05,17.80,12.10,0.00,19.90
2024-11-06,18.00,10.60,0.00,17.60
2024-11-07,17.20,10.20,0.00,14.50
2024-11-08,19.30,12.10,0.00,18.30
2024-11-09,21.50,17.30,0.00,21.90
2024-11-10,18.60,14.60,1.70,18.60
2024-11-11,21.00,13.70,0.00,14.10
2024-11-12,20.60,12.80,0.00,16.40
2024-11-13,21.50,15.30,0.00,11.40
2024-11-14,23.30,17.60,9.50,13.60
2024-11-15,22.10,19.40,2.20,10.50
2024-11-16,22.60,18.00,0.80,11.80
2024-11-17,18.10,13.80,1.70,20.30
2024-11-18,14.10,11.90,0.10,18.00
2024-11-19,14.90,10.90,0.00,10.30
2024-11-20,14.20,10.00,0.00,9.50
2024-11-21,14.60,7.80,0.00,10.70
2024-11-22,15.90,8.20,0.00,12.00
2024-11-23,15.40,9.60,0.00,10.80
2024-11-24,16.50,9.50,0.00,9.30
2024-11-25,18.00,10.10,12.80,19.10
2024-11-26,10.60,6.60,2.30,18.60
2024-11-27,11.40,4.70,0.00,18.30
2024-11-28,12.50,4.00,0.00,19.40
2024-11-29,13.60,3.50,0.00,13.90
2024-11-30,15.60,4.10,0.00,7.40
2024-12-01,18.10,7.80,0.00,9.20
2024-12-02,20.50,8.90,0.00,8.80
2024-12-03,15.80,9.90,0.00,12.70
2024-12-04,14.50,9.60,0.10,8.30
2024-12-05,12.60,7.70,0.90,7.40
2024-12-06,13.30,6.80,0.00,8.30
2024-12-07,12.90,5.40,0.00,14.10
2024-12-08,9.60,3.10,0.00,14.90
2024-12-09,10.90,3.30,0.00,7.60
2024-12-10,10.20,8.00,5.90,10.80
2024-12-11,8.20,5.80,9.90,14.00
2024-12-12,10.20,4.90,0.00,12.00
2024-12-13,9.90,5.10,0.10,16.00
2024-12-14,7.10,1.80,0.00,13.70
2024-12-15,8.10,-0.20,0.00,10.30
2024-12-16,10.40,0.60,0.00,10.40
2024-12-17,12.80,0.90,0.00,8.20
2024-12-18,8.60,3.10,0.40,17.20
2024-12-19,7.20,1.50,0.00,12.00
2024-12-20,9.40,1.50,0.00,8.10
2024-12-21,7.40,1.30,0.00,16.70
2024-12-22,6.60,0.60,0.00,14.40
2024-12-23,9.10,3.90,0.00,7.70
2024-12-24,10.60,3.00,0.00,8.40
2024-12-25,11.60,4.70,0.00,6.90
2024-12-26,10.90,3.40,0.00,12.60
2024-12-27,8.10,2.00,0.00,12.20
2024-12-28,5.10,-0.60,0.00,16.30
2024-12-29,8.20,-1.00,0.00,10.20
2024-12-30,12.90,2.80,0.00,12.00
2024-12-31,9.60,2.20,0.00,11.00
